,Actual Price,Predicted Price,new_host_acceptance_rate,host_is_superhost,room_type,bedrooms,beds,number_of_reviews,availability_365,neighbourhood_cleansed,neighbourhood_group_cleansed,id,latitude,longitude
0,48.0,111.0,0.0,f,Private room,1.0,1.0,0.0,365.0,Marine Parade,Central Region,53910005.0,1.30276,103.90158
1,541.0,326.0,100.0,t,Entire home/apt,1.0,1.0,0.0,266.0,Downtown Core,Central Region,19535251.0,1.28143,103.85232
2,281.0,190.0,100.0,t,Entire home/apt,1.0,1.0,13.0,19.0,Singapore River,Central Region,20234954.0,1.28869,103.84426
3,228.0,182.0,60.0,f,Entire home/apt,1.0,1.0,1.0,347.0,Bukit Merah,Central Region,41077161.0,1.27209,103.83428
4,217.0,85.0,96.0,f,Private room,1.0,1.0,0.0,338.0,Rochor,Central Region,50986261.0,1.30609,103.85188
5,96.0,114.0,13.0,f,Hotel room,1.0,2.0,3.0,360.0,Bedok,East Region,23999596.0,1.30982,103.91233
6,190.0,164.0,96.0,t,Entire home/apt,1.0,1.0,18.0,51.0,Kallang,Central Region,22282038.0,1.29986,103.8851
7,143.0,151.0,96.0,t,Entire home/apt,1.0,2.0,105.0,299.0,Marine Parade,Central Region,30687199.0,1.30508,103.90527
8,33.0,74.0,65.0,f,Shared room,1.0,1.0,6.0,55.0,Rochor,Central Region,8343880.0,1.30362,103.84967
9,120.0,129.0,89.0,t,Entire home/apt,1.0,1.0,0.0,0.0,Kallang,Central Region,38912342.0,1.31246,103.85964
10,120.0,216.0,95.0,f,Entire home/apt,2.0,3.0,2.0,116.0,Novena,Central Region,45839899.0,1.32653,103.84858
11,46.0,57.0,80.0,f,Private room,1.0,1.0,2.0,364.0,Woodlands,North Region,39244281.0,1.44359,103.7943
12,183.0,327.0,61.0,f,Entire home/apt,2.0,2.0,0.0,338.0,Rochor,Central Region,52115953.0,1.30093,103.85153
13,129.0,146.0,91.0,f,Hotel room,1.0,1.0,5.0,121.0,Outram,Central Region,34071208.0,1.2836,103.84368
14,192.0,157.0,99.0,f,Private room,0.0,1.0,7.0,361.0,Rochor,Central Region,48033436.0,1.30469,103.85578
15,30.0,91.0,100.0,f,Private room,1.0,1.0,2.0,180.0,Pasir Ris,East Region,8583021.0,1.37938,103.96355
16,120.0,134.0,89.0,t,Entire home/apt,0.0,0.0,0.0,0.0,Toa Payoh,Central Region,46058403.0,1.33049,103.8677
17,126.0,156.0,100.0,f,Private room,0.0,1.0,0.0,363.0,Outram,Central Region,48019325.0,1.28267,103.84564
18,69.0,95.0,97.0,f,Private room,1.0,1.0,1.0,359.0,Outram,Central Region,33885738.0,1.2841,103.84253
19,152.0,103.0,91.0,f,Private room,1.0,1.0,0.0,121.0,Outram,Central Region,48613065.0,1.28303,103.84497
20,300.0,133.0,91.0,f,Private room,0.0,1.0,1.0,365.0,Hougang,North-East Region,43055185.0,1.36039,103.89105
21,39.0,54.0,97.0,f,Private room,1.0,1.0,1.0,329.0,Geylang,Central Region,26290123.0,1.31489,103.88158
22,34.0,35.0,65.0,f,Shared room,1.0,16.0,43.0,49.0,Kallang,Central Region,17672050.0,1.31157,103.86069
23,152.0,185.0,24.0,f,Entire home/apt,1.0,2.0,5.0,357.0,Novena,Central Region,43934034.0,1.32495,103.8562
24,100.0,90.0,84.0,t,Private room,1.0,1.0,12.0,311.0,Bedok,East Region,8114003.0,1.31855,103.91259
25,111.0,237.0,100.0,t,Entire home/apt,1.0,1.0,0.0,313.0,River Valley,Central Region,45963685.0,1.29557,103.83844
26,120.0,90.0,65.0,f,Private room,1.0,1.0,14.0,90.0,Serangoon,North-East Region,38308020.0,1.37418,103.8722
27,58.0,60.0,64.0,t,Private room,1.0,1.0,34.0,343.0,Jurong West,West Region,7321238.0,1.34265,103.71339
28,78.0,97.0,100.0,t,Private room,1.0,1.0,14.0,364.0,Museum,Central Region,10626378.0,1.29784,103.85038
29,200.0,110.0,88.0,t,Private room,1.0,2.0,1.0,55.0,Bedok,East Region,16149684.0,1.32362,103.9146
30,118.0,172.0,99.0,f,Entire home/apt,1.0,1.0,16.0,84.0,Kallang,Central Region,36808814.0,1.31878,103.85252
31,350.0,199.0,31.0,f,Entire home/apt,1.0,2.0,1.0,364.0,Downtown Core,Central Region,35185817.0,1.297,103.85554
32,179.0,179.0,89.0,t,Entire home/apt,2.0,2.0,1.0,0.0,Downtown Core,Central Region,40692679.0,1.27529,103.84388
33,268.0,298.0,7.0,f,Entire home/apt,3.0,5.0,0.0,365.0,Novena,Central Region,40571374.0,1.32866,103.84302
34,42.0,56.0,0.0,f,Private room,0.0,2.0,141.0,116.0,Bedok,East Region,16502098.0,1.31889,103.91243
35,375.0,240.0,31.0,f,Entire home/apt,1.0,1.0,0.0,353.0,Queenstown,Central Region,42124056.0,1.29749,103.78821
36,200.0,226.0,31.0,f,Entire home/apt,0.0,0.0,1.0,364.0,Outram,Central Region,53244978.0,1.28185,103.84375
37,95.0,83.0,41.0,f,Private room,1.0,1.0,0.0,364.0,Geylang,Central Region,45280147.0,1.31784,103.88605
38,70.0,87.0,0.0,f,Private room,1.0,0.0,0.0,362.0,Kallang,Central Region,42552864.0,1.31428,103.85804
39,195.0,80.0,99.0,f,Private room,1.0,2.0,2.0,364.0,Kallang,Central Region,45583200.0,1.31325,103.86207
40,45.0,71.0,65.0,f,Private room,1.0,1.0,3.0,0.0,Clementi,West Region,23264528.0,1.31112,103.77138
41,150.0,103.0,91.0,f,Private room,1.0,0.0,0.0,121.0,Outram,Central Region,48614070.0,1.28216,103.84268
42,179.0,170.0,96.0,f,Entire home/apt,0.0,1.0,2.0,0.0,Outram,Central Region,37721714.0,1.28338,103.84499
43,24.0,70.0,0.0,f,Private room,1.0,1.0,0.0,0.0,Woodlands,North Region,25856210.0,1.42967,103.7843
44,232.0,107.0,67.0,f,Private room,1.0,1.0,2.0,365.0,Queenstown,Central Region,24025735.0,1.28,103.78772
45,460.0,251.0,41.0,f,Entire home/apt,2.0,2.0,1.0,358.0,Bukit Merah,Central Region,31423642.0,1.291,103.83053
46,185.0,155.0,100.0,f,Hotel room,1.0,1.0,12.0,96.0,Outram,Central Region,34919150.0,1.28345,103.84326
47,135.0,172.0,100.0,f,Entire home/apt,1.0,1.0,0.0,365.0,Clementi,West Region,23968956.0,1.31916,103.76234
48,163.0,170.0,84.0,t,Entire home/apt,0.0,1.0,119.0,359.0,Downtown Core,Central Region,4973227.0,1.28945,103.84879
49,90.0,135.0,0.0,f,Entire home/apt,1.0,1.0,0.0,167.0,Geylang,Central Region,38712337.0,1.31721,103.88849
50,250.0,377.0,100.0,f,Entire home/apt,2.0,4.0,1.0,179.0,Toa Payoh,Central Region,34951369.0,1.34036,103.87977
51,38.0,48.0,36.0,t,Shared room,1.0,1.0,92.0,357.0,Kallang,Central Region,9716208.0,1.31166,103.85976
52,529.0,420.0,30.0,f,Entire home/apt,2.0,3.0,0.0,363.0,Kallang,Central Region,53910434.0,1.300062789,103.8598944
53,100.0,93.0,0.0,f,Private room,1.0,1.0,0.0,178.0,Bukit Timah,Central Region,27041512.0,1.3338,103.79077
54,200.0,227.0,0.0,f,Entire home/apt,3.0,3.0,0.0,238.0,Novena,Central Region,43313632.0,1.31664,103.84124
55,376.0,202.0,100.0,f,Hotel room,1.0,1.0,7.0,352.0,Outram,Central Region,30385453.0,1.28299,103.84312
56,65.0,97.0,65.0,f,Private room,1.0,1.0,24.0,0.0,Queenstown,Central Region,15428715.0,1.27762,103.78745
57,132.0,104.0,65.0,t,Private room,1.0,2.0,3.0,164.0,Rochor,Central Region,45131086.0,1.30096,103.85055
58,150.0,338.0,0.0,f,Entire home/apt,3.0,3.0,0.0,365.0,Bukit Batok,West Region,43142264.0,1.3529,103.75964
59,50.0,103.0,100.0,f,Private room,1.0,1.0,2.0,0.0,Rochor,Central Region,35048987.0,1.30113,103.8534
60,90.0,91.0,96.0,f,Private room,1.0,1.0,74.0,62.0,Tanglin,Central Region,12687038.0,1.29584,103.83024
61,15.0,73.0,0.0,f,Shared room,1.0,1.0,1.0,277.0,Bukit Timah,Central Region,42106562.0,1.32468,103.80998
62,30.0,62.0,100.0,f,Private room,1.0,1.0,0.0,0.0,Geylang,Central Region,20068221.0,1.31498,103.88642
63,100.0,170.0,0.0,f,Entire home/apt,2.0,1.0,0.0,117.0,Pasir Ris,East Region,24500374.0,1.37814,103.9411
64,64.0,69.0,65.0,f,Private room,1.0,1.0,2.0,0.0,Geylang,Central Region,31214273.0,1.30991,103.88348
65,360.0,358.0,31.0,f,Entire home/apt,3.0,3.0,2.0,356.0,Clementi,West Region,37334803.0,1.31259,103.75838
66,110.0,134.0,89.0,t,Entire home/apt,1.0,1.0,0.0,27.0,Bukit Merah,Central Region,24940113.0,1.28953,103.81936
67,29.0,59.0,33.0,f,Shared room,1.0,16.0,9.0,328.0,Kallang,Central Region,12365867.0,1.31005,103.85829
68,180.0,95.0,0.0,f,Private room,1.0,1.0,0.0,0.0,Toa Payoh,Central Region,20547412.0,1.34156,103.84194
69,142.0,177.0,24.0,f,Entire home/apt,1.0,1.0,0.0,349.0,Novena,Central Region,45537787.0,1.32372,103.85296
70,537.0,358.0,91.0,t,Entire home/apt,4.0,4.0,66.0,4.0,Kallang,Central Region,33112617.0,1.3227,103.86396
71,150.0,70.0,65.0,f,Private room,1.0,1.0,1.0,0.0,Bukit Batok,West Region,16398174.0,1.35197,103.76697
72,484.0,482.0,30.0,f,Entire home/apt,3.0,3.0,1.0,364.0,Queenstown,Central Region,40789842.0,1.30124,103.80098
73,630.0,554.0,30.0,f,Entire home/apt,3.0,4.0,5.0,364.0,Singapore River,Central Region,26791029.0,1.29129,103.84233
74,85.0,143.0,4.0,t,Entire home/apt,0.0,1.0,3.0,364.0,Kallang,Central Region,5634851.0,1.31486,103.85689
75,90.0,135.0,84.0,t,Entire home/apt,0.0,1.0,6.0,365.0,Outram,Central Region,21314479.0,1.28206,103.84549
76,163.0,249.0,24.0,f,Entire home/apt,2.0,2.0,5.0,346.0,Novena,Central Region,43954242.0,1.32407,103.85362
77,140.0,135.0,89.0,t,Entire home/apt,1.0,1.0,0.0,0.0,Downtown Core,Central Region,30164832.0,1.27531,103.84366
78,190.0,176.0,20.0,f,Entire home/apt,1.0,1.0,5.0,362.0,Geylang,Central Region,13049120.0,1.31846,103.89153
79,163.0,111.0,0.0,f,Private room,1.0,1.0,0.0,365.0,Rochor,Central Region,642660.0,1.30096,103.85206
80,348.0,444.0,80.0,f,Entire home/apt,2.0,3.0,0.0,354.0,Queenstown,Central Region,43480862.0,1.29551,103.80459
81,178.0,450.0,0.0,f,Entire home/apt,2.0,4.0,0.0,178.0,Rochor,Central Region,35030220.0,1.30715,103.84713
82,151.0,162.0,89.0,t,Entire home/apt,2.0,2.0,0.0,242.0,Bishan,Central Region,49990549.0,1.35385,103.8511
83,250.0,76.0,65.0,f,Private room,1.0,2.0,54.0,365.0,Jurong West,West Region,5540894.0,1.35095,103.70536
84,56.0,55.0,0.0,f,Shared room,1.0,4.0,2.0,0.0,Kallang,Central Region,37619286.0,1.31656,103.85981
85,164.0,155.0,96.0,t,Entire home/apt,1.0,1.0,57.0,0.0,Kallang,Central Region,21854678.0,1.29951,103.88525
86,91.0,95.0,95.0,f,Private room,1.0,1.0,0.0,191.0,River Valley,Central Region,50212778.0,1.29614,103.8387
87,49.0,59.0,81.0,f,Private room,1.0,1.0,4.0,0.0,Kallang,Central Region,17626886.0,1.3095,103.86144
88,295.0,80.0,100.0,t,Private room,1.0,1.0,6.0,347.0,Bukit Merah,Central Region,39338786.0,1.27536,103.83988
89,100.0,92.0,84.0,t,Private room,1.0,1.0,6.0,328.0,Bedok,East Region,8113893.0,1.31696,103.91394
90,27.0,49.0,94.0,t,Private room,1.0,1.0,21.0,304.0,Woodlands,North Region,36212391.0,1.42958,103.78015
91,67.0,143.0,96.0,f,Hotel room,1.0,1.0,16.0,145.0,Singapore River,Central Region,35885309.0,1.28809,103.84895
92,80.0,84.0,70.0,t,Entire home/apt,1.0,1.0,61.0,112.0,Geylang,Central Region,2838555.0,1.31403,103.88604
93,80.0,102.0,41.0,f,Private room,1.0,1.0,0.0,364.0,Novena,Central Region,44562055.0,1.3254,103.84367
94,64.0,65.0,65.0,f,Private room,1.0,1.0,49.0,0.0,Geylang,Central Region,4656316.0,1.31102,103.88332
95,72.0,81.0,84.0,f,Entire home/apt,1.0,1.0,92.0,81.0,Geylang,Central Region,13418425.0,1.31307,103.88768
96,230.0,227.0,71.0,f,Entire home/apt,1.0,1.0,0.0,363.0,Novena,Central Region,21792881.0,1.31664,103.84282
97,60.0,63.0,65.0,f,Private room,1.0,1.0,1.0,234.0,Jurong East,West Region,19856273.0,1.32296,103.73815
98,224.0,112.0,67.0,f,Private room,1.0,1.0,0.0,365.0,Bedok,East Region,53927825.0,1.31647171,103.9352713
99,179.0,181.0,65.0,f,Private room,2.0,3.0,20.0,365.0,Tampines,East Region,71609.0,1.34537,103.95887
100,274.0,444.0,41.0,f,Entire home/apt,3.0,3.0,0.0,364.0,Novena,Central Region,53370046.0,1.32629,103.84921
101,192.0,193.0,84.0,t,Private room,0.0,1.0,1.0,352.0,Singapore River,Central Region,51931632.0,1.28771,103.8481
102,134.0,67.0,0.0,f,Private room,1.0,2.0,1.0,88.0,Woodlands,North Region,31357872.0,1.42768,103.77561
103,68.0,55.0,65.0,f,Shared room,1.0,1.0,1.0,0.0,Choa Chu Kang,West Region,21037930.0,1.37776,103.73604
104,120.0,105.0,65.0,f,Private room,1.0,1.0,2.0,0.0,Rochor,Central Region,6716844.0,1.30205,103.85804
105,88.0,98.0,100.0,f,Private room,1.0,1.0,12.0,357.0,Outram,Central Region,34454047.0,1.28534,103.84224
106,410.0,344.0,0.0,f,Entire home/apt,2.0,3.0,0.0,365.0,Bukit Merah,Central Region,38498535.0,1.28302,103.83199
107,198.0,218.0,7.0,f,Entire home/apt,2.0,2.0,0.0,365.0,Kallang,Central Region,41483991.0,1.32735,103.86591
108,129.0,95.0,0.0,t,Private room,1.0,3.0,266.0,55.0,Novena,Central Region,5493930.0,1.3174,103.84796
109,176.0,175.0,71.0,f,Entire home/apt,0.0,1.0,0.0,327.0,Queenstown,Central Region,51003694.0,1.28257,103.78404
110,350.0,277.0,65.0,f,Entire home/apt,2.0,2.0,27.0,358.0,Bukit Merah,Central Region,21370642.0,1.28455,103.83142
111,143.0,144.0,89.0,t,Entire home/apt,2.0,0.0,0.0,95.0,Bishan,Central Region,46058773.0,1.35409,103.85006
112,74.0,84.0,0.0,f,Private room,1.0,1.0,0.0,358.0,Toa Payoh,Central Region,22133845.0,1.33195,103.87706
113,95.0,98.0,0.0,f,Private room,1.0,1.0,0.0,365.0,Downtown Core,Central Region,26143135.0,1.28024,103.8516
114,43.0,63.0,84.0,t,Private room,1.0,2.0,89.0,144.0,Geylang,Central Region,24571017.0,1.31534,103.89967
115,100.0,163.0,0.0,f,Entire home/apt,1.0,1.0,0.0,365.0,Kallang,Central Region,11442336.0,1.32092,103.86291
116,159.0,94.0,93.0,t,Private room,1.0,3.0,103.0,44.0,Outram,Central Region,28747912.0,1.28641,103.84419
117,110.0,132.0,89.0,t,Entire home/apt,0.0,1.0,0.0,0.0,Toa Payoh,Central Region,32818697.0,1.33037,103.86625
118,70.0,94.0,84.0,f,Entire home/apt,1.0,1.0,1.0,54.0,Geylang,Central Region,48860282.0,1.31515,103.88632
119,179.0,85.0,90.0,f,Hotel room,1.0,1.0,41.0,0.0,Outram,Central Region,26309079.0,1.2817,103.84554
120,90.0,79.0,91.0,t,Private room,1.0,1.0,32.0,254.0,Serangoon,North-East Region,16370834.0,1.38703,103.87264
121,616.0,421.0,100.0,t,Entire home/apt,2.0,3.0,19.0,39.0,Singapore River,Central Region,19369423.0,1.28726,103.84425
122,208.0,200.0,30.0,f,Entire home/apt,2.0,2.0,0.0,183.0,Newton,Central Region,43537846.0,1.30858,103.82917
123,128.0,102.0,60.0,f,Private room,1.0,0.0,0.0,365.0,Novena,Central Region,43506850.0,1.3234,103.85283
124,45.0,59.0,73.0,t,Private room,1.0,1.0,79.0,351.0,Geylang,Central Region,22114845.0,1.31222,103.88308
125,209.0,242.0,30.0,f,Entire home/apt,2.0,2.0,0.0,364.0,Downtown Core,Central Region,52312464.0,1.27325,103.84731
126,228.0,169.0,63.0,t,Entire home/apt,0.0,1.0,3.0,357.0,Bukit Merah,Central Region,5446857.0,1.27626,103.84073
127,140.0,94.0,84.0,t,Private room,1.0,1.0,2.0,329.0,Bedok,East Region,43493044.0,1.32366,103.91548
128,65.0,214.0,65.0,f,Entire home/apt,2.0,3.0,5.0,22.0,Pasir Ris,East Region,13692568.0,1.35361,103.96703
129,360.0,198.0,0.0,f,Entire home/apt,2.0,2.0,0.0,180.0,Novena,Central Region,53835433.0,1.32549507,103.8474657
130,132.0,172.0,99.0,f,Entire home/apt,0.0,1.0,0.0,275.0,River Valley,Central Region,53751109.0,1.296347572,103.8385043
131,65.0,68.0,29.0,f,Private room,1.0,1.0,4.0,364.0,Jurong West,West Region,31687465.0,1.34654,103.72224
132,84.0,98.0,0.0,f,Private room,1.0,1.0,0.0,365.0,Downtown Core,Central Region,29557949.0,1.28144,103.85372
133,89.0,97.0,65.0,f,Private room,1.0,1.0,10.0,362.0,Tampines,East Region,3304326.0,1.34798,103.9617
134,600.0,107.0,0.0,f,Shared room,1.0,2.0,0.0,365.0,Pasir Ris,East Region,37825175.0,1.36856,103.94425
135,67.0,84.0,70.0,t,Entire home/apt,1.0,1.0,62.0,146.0,Geylang,Central Region,4561484.0,1.31382,103.88587
136,60.0,99.0,0.0,f,Private room,1.0,1.0,0.0,90.0,Tampines,East Region,52301070.0,1.34537,103.95973
137,110.0,129.0,89.0,t,Entire home/apt,0.0,0.0,2.0,0.0,Bukit Merah,Central Region,47912268.0,1.28494,103.8337
138,60.0,56.0,89.0,f,Private room,1.0,1.0,5.0,359.0,Yishun,North Region,42545850.0,1.41863,103.84743
139,100.0,80.0,0.0,f,Private room,1.0,1.0,0.0,87.0,Jurong West,West Region,42866383.0,1.34047,103.70605
140,42.0,29.0,38.0,f,Hotel room,1.0,16.0,34.0,0.0,Kallang,Central Region,10041012.0,1.31114,103.86054
141,53.0,104.0,0.0,f,Private room,1.0,1.0,0.0,71.0,River Valley,Central Region,46505181.0,1.29613,103.83926
142,50.0,102.0,0.0,f,Private room,1.0,1.0,0.0,364.0,Novena,Central Region,10708117.0,1.32334,103.85306
143,286.0,263.0,99.0,t,Entire home/apt,2.0,2.0,0.0,46.0,Rochor,Central Region,32623479.0,1.29902,103.85153
144,883.0,360.0,100.0,t,Entire home/apt,2.0,2.0,6.0,365.0,Orchard,Central Region,22990457.0,1.3006,103.84177
145,151.0,153.0,89.0,t,Entire home/apt,2.0,2.0,2.0,0.0,Bishan,Central Region,32198860.0,1.35269,103.84982
146,260.0,230.0,41.0,f,Entire home/apt,0.0,1.0,0.0,363.0,Novena,Central Region,52663333.0,1.32013,103.85287
147,241.0,135.0,99.0,f,Private room,1.0,2.0,14.0,360.0,Downtown Core,Central Region,42081657.0,1.29656,103.85775
148,85.0,79.0,41.0,f,Private room,1.0,1.0,0.0,364.0,Kallang,Central Region,45134515.0,1.31042,103.86171
149,428.0,462.0,80.0,f,Entire home/apt,3.0,7.0,0.0,363.0,Novena,Central Region,43143057.0,1.3178,103.84357
150,125.0,140.0,71.0,f,Entire home/apt,1.0,1.0,20.0,328.0,Bukit Merah,Central Region,40904017.0,1.27484,103.83239
151,350.0,425.0,57.0,f,Entire home/apt,2.0,3.0,0.0,363.0,Novena,Central Region,43057362.0,1.3172,103.8439
152,311.0,320.0,71.0,f,Entire home/apt,3.0,3.0,3.0,332.0,Clementi,West Region,19832956.0,1.30906,103.76205
153,265.0,285.0,41.0,f,Entire home/apt,1.0,1.0,0.0,364.0,River Valley,Central Region,45778518.0,1.296,103.83673
154,180.0,121.0,88.0,t,Private room,1.0,2.0,0.0,18.0,Bedok,East Region,26093121.0,1.32358,103.91458
155,119.0,121.0,100.0,f,Private room,2.0,2.0,1.0,177.0,Bedok,East Region,21073678.0,1.30396,103.92743
156,108.0,109.0,100.0,f,Private room,1.0,1.0,6.0,364.0,Sembawang,North Region,8256942.0,1.44162,103.82343
157,798.0,403.0,0.0,f,Entire home/apt,3.0,4.0,0.0,312.0,River Valley,Central Region,46475535.0,1.29191,103.84025
158,255.0,367.0,41.0,f,Entire home/apt,3.0,3.0,0.0,364.0,Jurong East,West Region,51441847.0,1.33585,103.74603
159,182.0,245.0,31.0,f,Entire home/apt,2.0,2.0,0.0,364.0,Downtown Core,Central Region,45107551.0,1.2738,103.84713
160,160.0,178.0,100.0,t,Entire home/apt,1.0,1.0,41.0,0.0,Kallang,Central Region,21804950.0,1.29951,103.88525
161,109.0,99.0,0.0,f,Private room,1.0,1.0,0.0,364.0,Serangoon,North-East Region,16213361.0,1.35641,103.86726
162,259.0,102.0,0.0,f,Private room,1.0,1.0,0.0,10.0,Downtown Core,Central Region,53802906.0,1.30127886,103.856969
163,132.0,130.0,89.0,t,Entire home/apt,0.0,1.0,0.0,55.0,Downtown Core,Central Region,36427750.0,1.27553,103.84522
164,82.0,79.0,100.0,f,Shared room,1.0,1.0,0.0,343.0,Rochor,Central Region,28998042.0,1.30181,103.85954
165,198.0,213.0,7.0,f,Entire home/apt,3.0,4.0,1.0,178.0,Geylang,Central Region,41326499.0,1.31185,103.87651
166,155.0,210.0,99.0,t,Entire home/apt,1.0,1.0,0.0,77.0,Downtown Core,Central Region,50823263.0,1.29692,103.85279
167,89.0,98.0,92.0,t,Private room,1.0,1.0,5.0,25.0,Queenstown,Central Region,39077406.0,1.30447,103.78502
168,113.0,128.0,89.0,t,Entire home/apt,1.0,1.0,0.0,0.0,Jurong East,West Region,34188337.0,1.33527,103.7428
169,78.0,111.0,0.0,f,Private room,1.0,1.0,0.0,363.0,Bedok,East Region,5406502.0,1.31279,103.93821
170,74.0,66.0,65.0,f,Private room,1.0,1.0,22.0,0.0,Geylang,Central Region,7830012.0,1.30976,103.88201
171,160.0,247.0,31.0,f,Entire home/apt,1.0,1.0,0.0,357.0,Queenstown,Central Region,43706347.0,1.29687,103.80467
172,28.0,106.0,65.0,f,Private room,1.0,1.0,1.0,365.0,Sembawang,North Region,15775531.0,1.45152,103.81413
173,198.0,202.0,7.0,f,Entire home/apt,3.0,1.0,1.0,168.0,Geylang,Central Region,41328031.0,1.31166,103.87739
174,538.0,246.0,100.0,t,Entire home/apt,1.0,1.0,2.0,343.0,Orchard,Central Region,22912035.0,1.30243,103.84007
175,382.0,202.0,0.0,f,Entire home/apt,1.0,1.0,0.0,357.0,Rochor,Central Region,42123951.0,1.30026,103.84954
176,251.0,228.0,100.0,t,Entire home/apt,0.0,1.0,20.0,359.0,Novena,Central Region,47295315.0,1.31889,103.84879
177,290.0,78.0,0.0,f,Private room,0.0,2.0,0.0,0.0,Bukit Merah,Central Region,23965690.0,1.28706,103.80514
178,29.0,86.0,65.0,f,Hotel room,1.0,1.0,7.0,0.0,Outram,Central Region,24511491.0,1.28356,103.84459
179,80.0,98.0,0.0,f,Private room,1.0,1.0,0.0,365.0,Downtown Core,Central Region,21061607.0,1.28525,103.8529
180,65.0,81.0,84.0,f,Entire home/apt,0.0,1.0,53.0,81.0,Geylang,Central Region,20815980.0,1.31316,103.88606
181,195.0,150.0,65.0,f,Entire home/apt,1.0,2.0,29.0,180.0,Downtown Core,Central Region,19801615.0,1.27448,103.84531
182,128.0,85.0,0.0,f,Private room,1.0,1.0,0.0,177.0,Sembawang,North Region,4514543.0,1.45323,103.81729
183,50.0,85.0,41.0,f,Private room,1.0,1.0,1.0,324.0,Newton,Central Region,23211763.0,1.31237,103.83167
184,55.0,93.0,65.0,t,Private room,1.0,1.0,71.0,363.0,Punggol,North-East Region,11980197.0,1.40088,103.91
185,295.0,282.0,41.0,f,Entire home/apt,1.0,1.0,0.0,364.0,Singapore River,Central Region,52395633.0,1.28936,103.84442
186,113.0,114.0,100.0,t,Private room,1.0,1.0,167.0,365.0,Downtown Core,Central Region,42417293.0,1.29838,103.85742
187,99.0,75.0,65.0,t,Private room,1.0,1.0,52.0,180.0,Bedok,East Region,25435388.0,1.32167,103.90557
188,180.0,77.0,100.0,f,Private room,1.0,1.0,0.0,363.0,Kallang,Central Region,51091286.0,1.31877,103.85915
189,90.0,158.0,0.0,f,Entire home/apt,0.0,1.0,0.0,29.0,Bedok,East Region,39885622.0,1.32025,103.95725
190,27.0,38.0,50.0,f,Hotel room,1.0,10.0,11.0,116.0,Outram,Central Region,16524551.0,1.28489,103.84323
191,259.0,199.0,74.0,t,Entire home/apt,1.0,2.0,10.0,61.0,Geylang,Central Region,43694447.0,1.31258,103.87954
192,80.0,86.0,100.0,f,Private room,1.0,1.0,2.0,322.0,Marine Parade,Central Region,50490653.0,1.30051,103.90253
193,130.0,89.0,84.0,t,Private room,1.0,1.0,5.0,179.0,Bedok,East Region,16260783.0,1.3255,103.91599
194,360.0,232.0,30.0,f,Entire home/apt,1.0,1.0,0.0,364.0,Kallang,Central Region,42945709.0,1.29859,103.86059
195,742.0,163.0,47.0,f,Entire home/apt,1.0,1.0,0.0,179.0,Downtown Core,Central Region,53665903.0,1.281413404,103.8598007
196,108.0,93.0,0.0,f,Private room,1.0,1.0,1.0,358.0,Bishan,Central Region,6253881.0,1.35747,103.84781
197,70.0,118.0,65.0,f,Private room,0.0,1.0,1.0,364.0,Bukit Timah,Central Region,21939528.0,1.31606,103.78816
198,140.0,97.0,0.0,f,Private room,0.0,1.0,0.0,0.0,Central Water Catchment,North Region,29148255.0,1.35127,103.81926
199,118.0,269.0,65.0,f,Entire home/apt,2.0,2.0,4.0,363.0,Kallang,Central Region,22733377.0,1.29811,103.87299
200,180.0,191.0,41.0,f,Entire home/apt,1.0,1.0,0.0,363.0,Bukit Merah,Central Region,51511807.0,1.28903,103.83028
201,1300.0,211.0,0.0,f,Private room,0.0,1.0,0.0,365.0,Newton,Central Region,46178304.0,1.30642,103.84189
202,70.0,97.0,0.0,f,Private room,1.0,1.0,0.0,178.0,Tampines,East Region,39347379.0,1.34072,103.96118
203,149.0,179.0,24.0,f,Entire home/apt,1.0,1.0,2.0,351.0,Novena,Central Region,44569176.0,1.32215,103.85284
204,73.0,83.0,84.0,f,Entire home/apt,1.0,1.0,12.0,79.0,Geylang,Central Region,21805009.0,1.31515,103.88655
205,78.0,92.0,100.0,f,Private room,1.0,3.0,33.0,85.0,Serangoon,North-East Region,33536365.0,1.38328,103.86828
206,100.0,160.0,0.0,f,Entire home/apt,1.0,1.0,0.0,365.0,Novena,Central Region,6340605.0,1.32515,103.84914
207,473.0,202.0,100.0,t,Entire home/apt,0.0,0.0,9.0,365.0,Orchard,Central Region,18081902.0,1.30236,103.83986
208,240.0,217.0,96.0,f,Hotel room,1.0,1.0,54.0,359.0,Singapore River,Central Region,21605333.0,1.28616,103.84908
209,125.0,140.0,96.0,f,Private room,0.0,1.0,2.0,261.0,Downtown Core,Central Region,46382569.0,1.29749,103.85674
210,103.0,93.0,99.0,f,Private room,1.0,1.0,17.0,209.0,River Valley,Central Region,45854835.0,1.29654,103.83917
211,148.0,170.0,84.0,t,Private room,0.0,1.0,0.0,361.0,Singapore River,Central Region,51947045.0,1.28777,103.84809
212,90.0,79.0,0.0,f,Private room,1.0,1.0,16.0,54.0,Bukit Timah,Central Region,31520512.0,1.31261,103.80259
213,135.0,174.0,0.0,f,Entire home/apt,1.0,1.0,0.0,365.0,Downtown Core,Central Region,33087310.0,1.28197,103.85214
214,69.0,84.0,97.0,f,Private room,1.0,1.0,1.0,328.0,Outram,Central Region,14407337.0,1.28382,103.84339
215,37.0,90.0,97.0,f,Private room,1.0,1.0,5.0,361.0,Bukit Merah,Central Region,33999107.0,1.28559,103.8332
216,100.0,99.0,0.0,f,Private room,1.0,2.0,31.0,355.0,Museum,Central Region,22441995.0,1.29518,103.84368
217,29.0,62.0,0.0,f,Hotel room,1.0,8.0,47.0,144.0,Rochor,Central Region,34235543.0,1.30545,103.85328
218,65.0,102.0,0.0,f,Private room,1.0,1.0,4.0,174.0,Novena,Central Region,13241591.0,1.32765,103.8499
219,64.0,69.0,65.0,f,Private room,1.0,1.0,6.0,0.0,Geylang,Central Region,27271822.0,1.312,103.88265
220,41.0,92.0,96.0,f,Private room,1.0,1.0,2.0,361.0,Bukit Merah,Central Region,32818879.0,1.28426,103.83438
221,431.0,461.0,41.0,f,Entire home/apt,3.0,3.0,2.0,364.0,Novena,Central Region,23084195.0,1.31806,103.84587
222,130.0,88.0,88.0,t,Private room,1.0,1.0,6.0,220.0,Bedok,East Region,18169687.0,1.32551,103.91498
223,68.0,95.0,100.0,f,Private room,1.0,1.0,24.0,52.0,River Valley,Central Region,40267527.0,1.29746,103.84153
224,48.0,58.0,97.0,f,Private room,1.0,1.0,1.0,0.0,Kallang,Central Region,28522862.0,1.3091,103.86033
225,117.0,174.0,0.0,f,Entire home/apt,1.0,1.0,0.0,365.0,Downtown Core,Central Region,27889309.0,1.28209,103.85237
226,4000.0,1238.0,41.0,f,Entire home/apt,3.0,4.0,0.0,364.0,Southern Islands,Central Region,45524524.0,1.24826,103.82401
227,160.0,233.0,30.0,f,Entire home/apt,0.0,1.0,0.0,364.0,Rochor,Central Region,26052120.0,1.30714,103.85158
228,391.0,384.0,74.0,t,Entire home/apt,3.0,5.0,46.0,67.0,Geylang,Central Region,35786308.0,1.31084,103.87947
229,87.0,80.0,100.0,f,Shared room,1.0,1.0,0.0,301.0,Rochor,Central Region,31002918.0,1.30025,103.85951
230,154.0,194.0,84.0,t,Private room,0.0,1.0,0.0,354.0,Singapore River,Central Region,51660773.0,1.28923,103.84871
231,139.0,109.0,77.0,f,Private room,1.0,1.0,0.0,365.0,Queenstown,Central Region,41116039.0,1.28098,103.78765
232,55.0,57.0,0.0,f,Private room,1.0,1.0,0.0,0.0,Ang Mo Kio,North-East Region,23636649.0,1.37432,103.83718
233,480.0,322.0,100.0,t,Entire home/apt,2.0,3.0,66.0,106.0,Orchard,Central Region,31851838.0,1.30458,103.83404
234,156.0,168.0,96.0,f,Private room,0.0,2.0,0.0,355.0,Downtown Core,Central Region,46383430.0,1.29749,103.85674
235,450.0,189.0,84.0,t,Private room,0.0,1.0,1.0,356.0,Singapore River,Central Region,52062197.0,1.28717,103.84836
236,450.0,275.0,31.0,f,Entire home/apt,1.0,1.0,0.0,364.0,Tanglin,Central Region,37299191.0,1.29409,103.82826
237,275.0,183.0,30.0,f,Entire home/apt,0.0,1.0,0.0,364.0,Bukit Merah,Central Region,47778000.0,1.2745,103.83451
238,100.0,64.0,0.0,f,Private room,1.0,1.0,32.0,303.0,Jurong West,West Region,17736530.0,1.33727,103.69013
239,70.0,62.0,100.0,f,Private room,1.0,1.0,11.0,356.0,Hougang,North-East Region,31948394.0,1.37573,103.90272
240,47.0,30.0,38.0,f,Hotel room,1.0,16.0,59.0,0.0,Kallang,Central Region,10040969.0,1.31114,103.86054
241,127.0,101.0,65.0,t,Private room,1.0,1.0,7.0,143.0,Rochor,Central Region,44283744.0,1.30214,103.85255
242,33.0,105.0,100.0,f,Private room,1.0,1.0,1.0,364.0,Pasir Ris,East Region,8681954.0,1.37913,103.96415
243,143.0,92.0,71.0,f,Private room,1.0,1.0,1.0,358.0,Bukit Merah,Central Region,40748133.0,1.27483,103.8347
244,64.0,65.0,65.0,f,Private room,1.0,1.0,81.0,0.0,Geylang,Central Region,4990392.0,1.31149,103.88161
245,81.0,96.0,56.0,t,Private room,1.0,1.0,28.0,48.0,Novena,Central Region,29614706.0,1.31572,103.83951
246,108.0,97.0,97.0,f,Private room,1.0,1.0,13.0,15.0,River Valley,Central Region,39334937.0,1.29682,103.83997
247,125.0,108.0,100.0,t,Private room,1.0,1.0,17.0,364.0,Rochor,Central Region,43408005.0,1.30469,103.85574
248,57.0,71.0,65.0,f,Private room,1.0,1.0,7.0,364.0,Hougang,North-East Region,13088479.0,1.34887,103.88034
249,49.0,55.0,97.0,f,Private room,1.0,1.0,1.0,328.0,Kallang,Central Region,8398148.0,1.30755,103.86353
250,130.0,101.0,13.0,f,Private room,1.0,2.0,7.0,359.0,Museum,Central Region,24764493.0,1.29656,103.85157
251,90.0,106.0,80.0,t,Private room,1.0,0.0,0.0,232.0,Downtown Core,Central Region,47774321.0,1.28152,103.85391
252,47.0,58.0,97.0,f,Private room,1.0,1.0,1.0,0.0,Kallang,Central Region,15406706.0,1.31053,103.86075
253,135.0,168.0,99.0,t,Entire home/apt,1.0,1.0,5.0,0.0,Rochor,Central Region,41033189.0,1.29918,103.85212
254,70.0,242.0,0.0,f,Entire home/apt,2.0,2.0,0.0,365.0,Hougang,North-East Region,35018771.0,1.35432,103.88926
255,235.0,190.0,30.0,f,Entire home/apt,0.0,1.0,0.0,346.0,Novena,Central Region,52910692.0,1.32606,103.84689
256,245.0,222.0,2.0,f,Entire home/apt,1.0,2.0,1.0,359.0,Kallang,Central Region,15634389.0,1.31165,103.86019
257,639.0,403.0,0.0,f,Entire home/apt,3.0,4.0,0.0,311.0,River Valley,Central Region,46475821.0,1.29197,103.84052
258,99.0,170.0,0.0,f,Entire home/apt,1.0,1.0,0.0,90.0,Sembawang,North Region,18978986.0,1.44328,103.82434
259,147.0,151.0,90.0,f,Hotel room,1.0,1.0,33.0,78.0,Outram,Central Region,25816812.0,1.28368,103.8451
260,138.0,232.0,30.0,f,Entire home/apt,1.0,1.0,0.0,364.0,Kallang,Central Region,50742155.0,1.31189,103.85647
261,80.0,142.0,61.0,f,Entire home/apt,0.0,1.0,0.0,328.0,Kallang,Central Region,52709361.0,1.31641,103.85723
262,142.0,208.0,99.0,f,Private room,0.0,2.0,6.0,365.0,Rochor,Central Region,48033351.0,1.3062,103.85596
263,68.0,103.0,0.0,f,Private room,1.0,1.0,0.0,365.0,Bukit Timah,Central Region,43406519.0,1.34126,103.76739
264,280.0,434.0,41.0,f,Entire home/apt,2.0,3.0,0.0,364.0,Novena,Central Region,40478454.0,1.32827,103.84745
265,18.0,73.0,0.0,f,Shared room,1.0,1.0,3.0,334.0,Queenstown,Central Region,6190850.0,1.29261,103.7685
266,27.0,31.0,50.0,f,Hotel room,1.0,10.0,36.0,300.0,Outram,Central Region,16964241.0,1.28299,103.84457
267,168.0,177.0,90.0,f,Entire home/apt,1.0,1.0,13.0,41.0,Outram,Central Region,25981021.0,1.28296,103.84707
268,112.0,88.0,95.0,f,Private room,1.0,1.0,3.0,303.0,River Valley,Central Region,51613814.0,1.2951,103.83888
269,214.0,85.0,77.0,f,Private room,1.0,1.0,3.0,345.0,Queenstown,Central Region,24447655.0,1.28116,103.78732
270,500.0,75.0,65.0,f,Private room,2.0,1.0,25.0,91.0,Geylang,Central Region,21937326.0,1.32013,103.88114
271,144.0,109.0,100.0,t,Private room,1.0,1.0,25.0,364.0,Rochor,Central Region,43379899.0,1.30498,103.85591
272,160.0,88.0,41.0,f,Private room,1.0,1.0,0.0,364.0,Clementi,West Region,20658143.0,1.31439,103.75904
273,35.0,107.0,100.0,t,Private room,2.0,2.0,1.0,335.0,Sengkang,North-East Region,43089999.0,1.3958,103.87773
274,194.0,328.0,41.0,f,Entire home/apt,2.0,2.0,0.0,364.0,Queenstown,Central Region,43129915.0,1.29698,103.80473
275,662.0,370.0,91.0,t,Entire home/apt,2.0,3.0,20.0,166.0,Orchard,Central Region,19595827.0,1.30435,103.83382
276,168.0,104.0,0.0,f,Private room,1.0,1.0,0.0,179.0,Novena,Central Region,28789540.0,1.32883,103.84856
277,64.0,66.0,65.0,f,Private room,1.0,1.0,37.0,0.0,Geylang,Central Region,24927780.0,1.31078,103.88135
278,34.0,110.0,100.0,f,Hotel room,1.0,1.0,0.0,0.0,Rochor,Central Region,33604867.0,1.3022,103.85818
279,280.0,1396.0,0.0,f,Entire home/apt,4.0,1.0,0.0,0.0,Tanglin,Central Region,49863210.0,1.31477,103.82442
280,480.0,310.0,30.0,f,Entire home/apt,2.0,1.0,0.0,364.0,Novena,Central Region,46684152.0,1.32604,103.84534
281,57.0,98.0,0.0,f,Private room,1.0,1.0,0.0,365.0,Downtown Core,Central Region,21049838.0,1.28484,103.85875
282,400.0,275.0,31.0,f,Entire home/apt,1.0,1.0,0.0,364.0,Tanglin,Central Region,44145748.0,1.31232,103.82459
283,151.0,135.0,89.0,t,Entire home/apt,1.0,1.0,0.0,0.0,Downtown Core,Central Region,43344197.0,1.27459,103.84437
284,150.0,75.0,65.0,f,Private room,1.0,1.0,1.0,364.0,Ang Mo Kio,North-East Region,19774868.0,1.37579,103.84928
285,253.0,178.0,13.0,f,Private room,3.0,3.0,0.0,365.0,Bedok,East Region,24001052.0,1.30817,103.91315
286,35.0,82.0,0.0,f,Private room,1.0,1.0,0.0,185.0,Jurong West,West Region,27346264.0,1.34864,103.69553
287,288.0,165.0,0.0,f,Entire home/apt,1.0,2.0,0.0,365.0,River Valley,Central Region,10341515.0,1.29548,103.83396
288,120.0,136.0,89.0,t,Entire home/apt,1.0,0.0,3.0,0.0,Bukit Merah,Central Region,47912530.0,1.28639,103.8337
289,988.0,371.0,0.0,f,Hotel room,1.0,4.0,0.0,315.0,Rochor,Central Region,25953564.0,1.30264,103.86022
290,59.0,147.0,77.0,f,Private room,0.0,1.0,10.0,343.0,Bukit Merah,Central Region,330089.0,1.28652,103.81225
291,229.0,445.0,0.0,f,Entire home/apt,2.0,2.0,0.0,330.0,Toa Payoh,Central Region,31722950.0,1.3307,103.86753
292,567.0,89.0,0.0,f,Private room,1.0,1.0,0.0,324.0,Bukit Merah,Central Region,45804462.0,1.2849,103.83387
293,153.0,196.0,89.0,t,Entire home/apt,2.0,2.0,28.0,0.0,Clementi,West Region,19351097.0,1.3172,103.75876
294,232.0,188.0,96.0,f,Hotel room,1.0,1.0,7.0,342.0,Singapore River,Central Region,21420790.0,1.28684,103.8472
295,30.0,73.0,91.0,f,Private room,1.0,1.0,0.0,365.0,Kallang,Central Region,40113996.0,1.32744,103.86243
296,205.0,179.0,100.0,f,Entire home/apt,1.0,1.0,21.0,61.0,Outram,Central Region,34318004.0,1.28338,103.84503
297,40.0,102.0,0.0,f,Private room,1.0,0.0,0.0,365.0,Novena,Central Region,45690828.0,1.31801,103.84988
298,132.0,79.0,65.0,f,Private room,1.0,1.0,7.0,0.0,Bukit Merah,Central Region,13254555.0,1.2877,103.82903
299,130.0,151.0,64.0,f,Entire home/apt,0.0,0.0,0.0,26.0,Bedok,East Region,49408255.0,1.30397,103.92244
300,245.0,212.0,41.0,f,Entire home/apt,0.0,1.0,0.0,364.0,Marine Parade,Central Region,48153394.0,1.30082,103.88613
301,69.0,84.0,96.0,f,Private room,1.0,1.0,2.0,328.0,Outram,Central Region,32171204.0,1.28469,103.84346
302,2695.0,1317.0,6.0,f,Entire home/apt,2.0,3.0,0.0,364.0,Rochor,Central Region,29548473.0,1.31206,103.85374
303,144.0,174.0,0.0,f,Entire home/apt,1.0,1.0,0.0,365.0,Downtown Core,Central Region,42678905.0,1.27989,103.85201
304,235.0,151.0,91.0,f,Hotel room,1.0,2.0,12.0,117.0,Outram,Central Region,34073545.0,1.28239,103.84502
305,470.0,517.0,41.0,f,Entire home/apt,2.0,3.0,0.0,364.0,Singapore River,Central Region,32295511.0,1.29083,103.84284
306,228.0,299.0,7.0,f,Entire home/apt,3.0,3.0,0.0,365.0,Kallang,Central Region,40544836.0,1.3182,103.8523
307,33.0,110.0,100.0,f,Hotel room,1.0,1.0,0.0,0.0,Rochor,Central Region,33604087.0,1.30257,103.8602
308,47.0,106.0,0.0,f,Private room,1.0,1.0,0.0,94.0,Newton,Central Region,44036899.0,1.31535,103.83494
309,192.0,99.0,100.0,t,Private room,1.0,1.0,6.0,362.0,Outram,Central Region,49048346.0,1.27919,103.84514
310,684.0,465.0,100.0,f,Entire home/apt,3.0,4.0,0.0,150.0,River Valley,Central Region,45962895.0,1.29845,103.84129
311,306.0,190.0,0.0,f,Entire home/apt,1.0,1.0,0.0,165.0,Clementi,West Region,46606472.0,1.29869,103.76415
312,147.0,151.0,90.0,f,Hotel room,1.0,1.0,39.0,74.0,Outram,Central Region,26964529.0,1.28316,103.84518
313,51.0,55.0,73.0,t,Private room,1.0,1.0,40.0,337.0,Geylang,Central Region,27406451.0,1.31334,103.88331
314,106.0,129.0,89.0,t,Entire home/apt,1.0,0.0,0.0,0.0,Marine Parade,Central Region,46058249.0,1.30539,103.89791
315,180.0,64.0,65.0,f,Private room,1.0,1.0,2.0,270.0,Bukit Batok,West Region,28198324.0,1.35269,103.75533
316,48.0,51.0,100.0,f,Shared room,1.0,1.0,1.0,31.0,Kallang,Central Region,37545814.0,1.31483,103.8727
317,60.0,105.0,80.0,t,Private room,1.0,0.0,0.0,364.0,Downtown Core,Central Region,53100793.0,1.28149,103.85163
318,50.0,78.0,0.0,f,Shared room,1.0,2.0,11.0,356.0,Queenstown,Central Region,1277919.0,1.2927,103.7685
319,300.0,303.0,31.0,f,Entire home/apt,2.0,2.0,0.0,364.0,Novena,Central Region,38526126.0,1.31514,103.84052
320,165.0,92.0,100.0,f,Private room,1.0,2.0,0.0,364.0,Toa Payoh,Central Region,52699740.0,1.33352,103.87775
321,210.0,424.0,31.0,f,Entire home/apt,2.0,2.0,0.0,364.0,Toa Payoh,Central Region,38684124.0,1.33106,103.86605
322,80.0,58.0,78.0,f,Private room,1.0,1.0,233.0,0.0,Kallang,Central Region,16891958.0,1.30617,103.8612
323,48.0,96.0,41.0,f,Private room,0.0,1.0,1.0,60.0,Rochor,Central Region,31294602.0,1.30149,103.84721
324,495.0,494.0,31.0,f,Entire home/apt,2.0,3.0,0.0,364.0,Orchard,Central Region,35185750.0,1.30357,103.83184
325,63.0,98.0,0.0,f,Private room,1.0,1.0,0.0,365.0,Downtown Core,Central Region,30335491.0,1.28141,103.85379
326,120.0,144.0,61.0,f,Entire home/apt,1.0,0.0,0.0,117.0,Kallang,Central Region,51524494.0,1.31613,103.85704
327,100.0,91.0,88.0,t,Private room,1.0,1.0,3.0,311.0,Bedok,East Region,25184205.0,1.31878,103.9121
328,68.0,81.0,84.0,f,Entire home/apt,1.0,1.0,55.0,57.0,Geylang,Central Region,6477665.0,1.31537,103.88684
329,405.0,274.0,41.0,f,Entire home/apt,1.0,1.0,0.0,364.0,Tanglin,Central Region,37314737.0,1.29386,103.82652
330,159.0,223.0,0.0,f,Entire home/apt,3.0,3.0,0.0,242.0,Downtown Core,Central Region,36362495.0,1.28072,103.85373
331,110.0,93.0,13.0,f,Private room,1.0,1.0,4.0,365.0,Bedok,East Region,23951500.0,1.30847,103.91096
332,61.0,64.0,75.0,f,Private room,1.0,2.0,51.0,336.0,Kallang,Central Region,23169041.0,1.31388,103.85292
333,70.0,82.0,96.0,f,Private room,1.0,1.0,0.0,328.0,Outram,Central Region,37444884.0,1.2841,103.84253
334,100.0,100.0,100.0,f,Private room,2.0,2.0,0.0,129.0,Geylang,Central Region,52699373.0,1.3146,103.90173
335,54.0,77.0,0.0,f,Entire home/apt,1.0,0.0,0.0,365.0,Jurong West,West Region,45241943.0,1.33922,103.70657
336,100.0,240.0,65.0,f,Entire home/apt,1.0,1.0,3.0,328.0,Singapore River,Central Region,10032227.0,1.29301,103.8416
337,350.0,304.0,30.0,f,Entire home/apt,2.0,2.0,0.0,364.0,River Valley,Central Region,45809564.0,1.29656,103.83717
338,177.0,161.0,90.0,f,Entire home/apt,1.0,1.0,1.0,241.0,Novena,Central Region,53196067.0,1.318528,103.847511
339,214.0,320.0,50.0,t,Entire home/apt,3.0,4.0,22.0,0.0,Geylang,Central Region,43629592.0,1.31389,103.88913
340,111.0,187.0,84.0,t,Private room,0.0,1.0,10.0,348.0,Singapore River,Central Region,18199481.0,1.28915,103.84825
341,141.0,141.0,89.0,t,Entire home/apt,1.0,1.0,4.0,335.0,Downtown Core,Central Region,29049813.0,1.27317,103.84584
342,53.0,82.0,0.0,f,Private room,1.0,3.0,6.0,89.0,Choa Chu Kang,West Region,11496278.0,1.39857,103.74785
343,950.0,535.0,41.0,f,Entire home/apt,3.0,4.0,1.0,362.0,Singapore River,Central Region,53408171.0,1.29521,103.83063
344,38.0,77.0,0.0,f,Private room,1.0,1.0,0.0,0.0,Clementi,West Region,21052132.0,1.32693,103.77244
345,170.0,283.0,30.0,f,Entire home/apt,1.0,1.0,0.0,364.0,Rochor,Central Region,42945867.0,1.30192,103.86152
346,188.0,211.0,41.0,f,Entire home/apt,1.0,1.0,0.0,328.0,Queenstown,Central Region,49937277.0,1.2999,103.79909
347,65.0,76.0,100.0,t,Private room,1.0,2.0,12.0,158.0,Choa Chu Kang,West Region,40316461.0,1.39926,103.74614
348,141.0,237.0,30.0,f,Entire home/apt,1.0,1.0,0.0,364.0,Marine Parade,Central Region,51586919.0,1.3072,103.89806
349,55.0,104.0,41.0,f,Private room,1.0,1.0,0.0,76.0,Rochor,Central Region,23245969.0,1.30245,103.84828
350,255.0,358.0,30.0,f,Entire home/apt,3.0,3.0,0.0,364.0,Jurong East,West Region,46684451.0,1.33632,103.74319
351,112.0,64.0,36.0,f,Private room,1.0,1.0,11.0,330.0,Geylang,Central Region,5464246.0,1.32812,103.88436
352,159.0,273.0,24.0,f,Entire home/apt,2.0,2.0,1.0,359.0,Novena,Central Region,45537007.0,1.32586,103.85371
353,670.0,162.0,47.0,f,Entire home/apt,1.0,1.0,1.0,170.0,Downtown Core,Central Region,52518915.0,1.28153,103.85856
354,49.0,88.0,77.0,f,Private room,1.0,1.0,14.0,355.0,Bukit Merah,Central Region,324945.0,1.28828,103.8102
355,233.0,267.0,0.0,f,Entire home/apt,3.0,4.0,9.0,357.0,Choa Chu Kang,West Region,6824319.0,1.37946,103.75945
356,110.0,88.0,0.0,f,Private room,1.0,1.0,0.0,271.0,Tanglin,Central Region,30650792.0,1.29331,103.83018
357,63.0,185.0,65.0,f,Hotel room,1.0,1.0,93.0,269.0,Outram,Central Region,1678755.0,1.28405,103.84424
358,106.0,112.0,0.0,f,Private room,1.0,1.0,0.0,54.0,Marine Parade,Central Region,44323246.0,1.29817,103.89594
359,163.0,255.0,41.0,f,Entire home/apt,3.0,3.0,0.0,269.0,Marine Parade,Central Region,52605616.0,1.30565,103.89952
360,450.0,461.0,57.0,f,Entire home/apt,3.0,6.0,0.0,363.0,Novena,Central Region,43143093.0,1.31709,103.84553
361,122.0,171.0,96.0,f,Entire home/apt,0.0,1.0,11.0,26.0,Queenstown,Central Region,38104971.0,1.2802,103.78598
362,258.0,174.0,93.0,t,Entire home/apt,1.0,1.0,56.0,0.0,Novena,Central Region,39641568.0,1.31932,103.84659
363,95.0,102.0,0.0,f,Private room,1.0,1.0,0.0,358.0,Downtown Core,Central Region,44606643.0,1.3003,103.85754
364,155.0,171.0,71.0,f,Entire home/apt,1.0,1.0,2.0,360.0,Bukit Merah,Central Region,40809447.0,1.27533,103.83392
365,59.0,58.0,97.0,f,Private room,1.0,1.0,3.0,0.0,Kallang,Central Region,7888339.0,1.30869,103.86345
366,59.0,58.0,91.0,t,Private room,1.0,1.0,2.0,0.0,Kallang,Central Region,34076777.0,1.31068,103.86118
367,140.0,143.0,88.0,t,Entire home/apt,0.0,1.0,0.0,328.0,Novena,Central Region,53166174.0,1.31921,103.84676
368,130.0,81.0,80.0,f,Private room,1.0,1.0,2.0,0.0,Bukit Merah,Central Region,30238429.0,1.28127,103.80367
369,59.0,58.0,97.0,f,Private room,1.0,1.0,2.0,0.0,Kallang,Central Region,30966211.0,1.30821,103.86284
370,65.0,72.0,0.0,f,Private room,1.0,4.0,0.0,86.0,Woodlands,North Region,29880877.0,1.43448,103.77725
371,97.0,224.0,67.0,f,Hotel room,1.0,1.0,0.0,341.0,Queenstown,Central Region,28657973.0,1.27947,103.78634
372,69.0,90.0,20.0,f,Private room,1.0,1.0,0.0,365.0,Geylang,Central Region,6620271.0,1.31697,103.89104
373,90.0,98.0,0.0,f,Private room,1.0,1.0,0.0,365.0,Downtown Core,Central Region,22329509.0,1.28206,103.8538
374,39.0,54.0,96.0,f,Private room,1.0,1.0,1.0,328.0,Geylang,Central Region,34964444.0,1.3147,103.88163
375,979.0,329.0,100.0,t,Entire home/apt,2.0,2.0,0.0,359.0,Orchard,Central Region,22990388.0,1.30253,103.84111
376,165.0,232.0,41.0,f,Entire home/apt,1.0,1.0,0.0,364.0,Kallang,Central Region,42259371.0,1.30322,103.86345
377,48.0,67.0,65.0,f,Private room,1.0,1.0,1.0,0.0,Jurong West,West Region,27603657.0,1.34938,103.71019
378,150.0,93.0,88.0,t,Private room,1.0,1.0,1.0,270.0,Bedok,East Region,43355016.0,1.3243,103.91535
379,165.0,193.0,30.0,f,Entire home/apt,1.0,1.0,0.0,364.0,Downtown Core,Central Region,42886241.0,1.2733,103.84407
380,35.0,77.0,0.0,f,Private room,0.0,1.0,0.0,58.0,Ang Mo Kio,North-East Region,21676059.0,1.36906,103.84753
381,111.0,99.0,0.0,f,Shared room,1.0,3.0,0.0,133.0,Rochor,Central Region,45533359.0,1.30629,103.8553
382,140.0,116.0,84.0,t,Private room,1.0,1.0,50.0,350.0,Downtown Core,Central Region,17928273.0,1.28918,103.84934
383,49.0,83.0,0.0,f,Private room,1.0,1.0,215.0,199.0,Sengkang,North-East Region,10598600.0,1.39829,103.89776
384,59.0,64.0,33.0,f,Shared room,1.0,1.0,0.0,328.0,Kallang,Central Region,12367758.0,1.31005,103.85829
385,188.0,81.0,0.0,f,Private room,1.0,1.0,0.0,365.0,Jurong West,West Region,37538230.0,1.34193,103.71764
386,151.0,176.0,30.0,f,Entire home/apt,1.0,1.0,0.0,342.0,Bukit Merah,Central Region,35850942.0,1.2876,103.82653
387,89.0,85.0,0.0,f,Private room,1.0,1.0,14.0,332.0,Novena,Central Region,4087935.0,1.31546,103.84117
388,215.0,432.0,31.0,f,Entire home/apt,3.0,3.0,0.0,364.0,Novena,Central Region,42992160.0,1.32805,103.84948
389,75.0,67.0,50.0,f,Private room,1.0,1.0,0.0,339.0,Clementi,West Region,40831251.0,1.31806,103.7621
390,96.0,90.0,13.0,f,Private room,1.0,1.0,25.0,360.0,Bedok,East Region,24000873.0,1.30978,103.9108
391,177.0,187.0,90.0,f,Entire home/apt,1.0,1.0,0.0,346.0,Novena,Central Region,53374606.0,1.318528,103.847511
392,369.0,311.0,71.0,f,Entire home/apt,4.0,4.0,4.0,302.0,Clementi,West Region,15724789.0,1.31039,103.76007
393,100.0,101.0,7.0,f,Entire home/apt,1.0,0.0,0.0,365.0,Hougang,North-East Region,46224707.0,1.36187,103.88205
394,147.0,171.0,96.0,f,Entire home/apt,0.0,1.0,8.0,78.0,Outram,Central Region,44044776.0,1.28215,103.84701
395,49.0,59.0,81.0,f,Private room,1.0,1.0,2.0,0.0,Kallang,Central Region,22345943.0,1.30736,103.86222
396,85.0,72.0,65.0,f,Shared room,1.0,2.0,16.0,84.0,River Valley,Central Region,25815030.0,1.2958,103.83642
397,967.0,250.0,73.0,t,Entire home/apt,2.0,2.0,1.0,138.0,Downtown Core,Central Region,51564284.0,1.2798,103.85323
398,380.0,427.0,80.0,f,Entire home/apt,2.0,3.0,0.0,363.0,Novena,Central Region,43744518.0,1.31724,103.84514
399,74.0,99.0,0.0,f,Shared room,1.0,2.0,0.0,133.0,Rochor,Central Region,45533430.0,1.30735,103.85541
400,25.0,62.0,0.0,f,Shared room,1.0,6.0,14.0,328.0,Rochor,Central Region,34632139.0,1.30535,103.85345
401,180.0,233.0,0.0,f,Entire home/apt,2.0,3.0,9.0,23.0,Queenstown,Central Region,7162659.0,1.30423,103.784
402,161.0,143.0,88.0,t,Entire home/apt,0.0,1.0,0.0,331.0,Novena,Central Region,53633752.0,1.318524,103.847511
403,630.0,345.0,100.0,f,Entire home/apt,2.0,3.0,0.0,152.0,Orchard,Central Region,45961316.0,1.30056,103.84139
404,680.0,297.0,0.0,f,Entire home/apt,4.0,4.0,0.0,358.0,Downtown Core,Central Region,14213091.0,1.27526,103.84462
405,150.0,70.0,0.0,f,Private room,1.0,1.0,0.0,0.0,Woodlands,North Region,22317980.0,1.43237,103.78645
406,230.0,162.0,71.0,f,Entire home/apt,1.0,1.0,2.0,261.0,Queenstown,Central Region,21791154.0,1.29159,103.80634
407,204.0,113.0,100.0,f,Private room,1.0,1.0,0.0,365.0,Sembawang,North Region,9875315.0,1.43873,103.82344
408,48.0,96.0,65.0,f,Private room,1.0,1.0,58.0,365.0,Tampines,East Region,344803.0,1.34917,103.9609
409,145.0,232.0,30.0,f,Entire home/apt,1.0,1.0,0.0,364.0,Kallang,Central Region,43063719.0,1.31276,103.85804
410,60.0,97.0,65.0,f,Private room,1.0,1.0,3.0,358.0,Tampines,East Region,14099732.0,1.32683,103.95444
411,41.0,152.0,100.0,f,Shared room,1.0,46.0,0.0,261.0,Rochor,Central Region,40849480.0,1.30129,103.86056
412,80.0,223.0,100.0,f,Entire home/apt,1.0,1.0,0.0,126.0,Geylang,Central Region,52750968.0,1.31465,103.90132
413,200.0,175.0,63.0,t,Entire home/apt,1.0,1.0,3.0,363.0,Bukit Merah,Central Region,39689162.0,1.2758,103.84006
414,500.0,504.0,30.0,f,Entire home/apt,2.0,4.0,0.0,364.0,Tanglin,Central Region,38835146.0,1.3124,103.82537
415,65.0,58.0,100.0,t,Private room,1.0,1.0,50.0,64.0,Jurong West,West Region,13286282.0,1.34373,103.72095
416,69.0,82.0,81.0,f,Private room,1.0,1.0,0.0,328.0,Outram,Central Region,17929480.0,1.28336,103.84139
417,59.0,55.0,91.0,t,Private room,1.0,1.0,1.0,328.0,Kallang,Central Region,36167207.0,1.31263,103.85806
418,59.0,55.0,96.0,f,Private room,1.0,1.0,1.0,328.0,Kallang,Central Region,30776617.0,1.3096,103.86251
419,186.0,297.0,100.0,f,Private room,0.0,2.0,0.0,365.0,Outram,Central Region,44420536.0,1.28263,103.84572
420,60.0,79.0,0.0,f,Private room,1.0,1.0,0.0,0.0,Hougang,North-East Region,41169873.0,1.35303,103.88224
421,121.0,111.0,100.0,f,Private room,1.0,1.0,1.0,364.0,Sembawang,North Region,16650721.0,1.44154,103.82184
422,169.0,130.0,84.0,t,Entire home/apt,1.0,1.0,0.0,206.0,Novena,Central Region,53260515.0,1.31954,103.84712
423,180.0,159.0,0.0,f,Entire home/apt,1.0,1.0,0.0,328.0,Downtown Core,Central Region,44479128.0,1.28181,103.85186
424,37.0,63.0,65.0,f,Private room,1.0,1.0,30.0,179.0,Ang Mo Kio,North-East Region,10996427.0,1.39129,103.85596
425,188.0,211.0,41.0,f,Entire home/apt,1.0,1.0,0.0,328.0,Queenstown,Central Region,51338514.0,1.29509,103.80579
426,130.0,90.0,88.0,t,Private room,1.0,1.0,4.0,347.0,Bedok,East Region,16150642.0,1.31703,103.91242
427,157.0,182.0,90.0,f,Entire home/apt,1.0,2.0,1.0,328.0,Novena,Central Region,53281701.0,1.318528,103.847511
428,111.0,99.0,0.0,f,Shared room,1.0,3.0,0.0,133.0,Rochor,Central Region,45533686.0,1.30704,103.85544
429,140.0,91.0,84.0,t,Private room,1.0,1.0,2.0,240.0,Bedok,East Region,43359426.0,1.32412,103.91374
430,210.0,432.0,31.0,f,Entire home/apt,3.0,3.0,0.0,364.0,Novena,Central Region,38416386.0,1.32781,103.84838
431,181.0,193.0,41.0,f,Entire home/apt,1.0,1.0,0.0,364.0,Downtown Core,Central Region,37958355.0,1.27384,103.84411
432,400.0,142.0,65.0,f,Private room,1.0,1.0,1.0,0.0,Downtown Core,Central Region,19184003.0,1.27474,103.84451
433,189.0,180.0,89.0,t,Entire home/apt,2.0,2.0,2.0,0.0,Downtown Core,Central Region,33953077.0,1.27527,103.8454
434,256.0,308.0,71.0,f,Entire home/apt,2.0,2.0,2.0,359.0,Queenstown,Central Region,15796599.0,1.29046,103.80626
435,96.0,123.0,89.0,t,Entire home/apt,0.0,1.0,2.0,0.0,Kallang,Central Region,38496138.0,1.30284,103.8634
436,430.0,277.0,41.0,f,Entire home/apt,1.0,1.0,0.0,364.0,Orchard,Central Region,53745162.0,1.300711598,103.8402986
437,59.0,56.0,81.0,f,Private room,1.0,1.0,2.0,333.0,Kallang,Central Region,17766467.0,1.30957,103.86134
438,235.0,73.0,65.0,f,Private room,1.0,0.0,10.0,351.0,Bukit Batok,West Region,22577896.0,1.34162,103.76086
439,75.0,101.0,0.0,f,Private room,1.0,2.0,0.0,0.0,Geylang,Central Region,47893438.0,1.32478,103.90492
440,75.0,83.0,20.0,f,Private room,1.0,1.0,0.0,169.0,Geylang,Central Region,6750089.0,1.31665,103.89108
441,230.0,139.0,0.0,f,Entire home/apt,2.0,3.0,0.0,0.0,Bedok,East Region,18283249.0,1.30785,103.93181
442,260.0,205.0,65.0,f,Hotel room,1.0,1.0,4.0,359.0,Outram,Central Region,29525299.0,1.28211,103.84364
443,127.0,105.0,65.0,t,Private room,1.0,2.0,2.0,169.0,Rochor,Central Region,48265411.0,1.30198,103.85033
444,103.0,132.0,89.0,t,Entire home/apt,0.0,1.0,0.0,0.0,Rochor,Central Region,36858565.0,1.30252,103.86128
445,225.0,34.0,38.0,f,Hotel room,1.0,10.0,18.0,0.0,Kallang,Central Region,16213115.0,1.31114,103.86054
446,200.0,91.0,65.0,f,Private room,1.0,1.0,6.0,90.0,Serangoon,North-East Region,15687109.0,1.37451,103.87284
447,54.0,55.0,81.0,f,Private room,1.0,1.0,1.0,328.0,Kallang,Central Region,21928795.0,1.31183,103.8588
448,58.0,99.0,100.0,f,Private room,1.0,0.0,188.0,365.0,Outram,Central Region,9635192.0,1.2832,103.84217
449,550.0,565.0,41.0,f,Entire home/apt,3.0,4.0,0.0,364.0,Singapore River,Central Region,37646663.0,1.29298,103.84194
450,169.0,177.0,0.0,f,Entire home/apt,1.0,1.0,0.0,355.0,Novena,Central Region,50979516.0,1.32596,103.84559
451,256.0,252.0,71.0,f,Entire home/apt,2.0,2.0,1.0,359.0,Bukit Merah,Central Region,40734196.0,1.29156,103.80877
452,130.0,177.0,86.0,f,Hotel room,0.0,1.0,3.0,181.0,Orchard,Central Region,23380199.0,1.29882,103.83807
453,204.0,239.0,65.0,f,Entire home/apt,3.0,3.0,8.0,0.0,Bukit Merah,Central Region,32317824.0,1.28427,103.83279
454,155.0,104.0,0.0,f,Private room,1.0,1.0,1.0,88.0,Rochor,Central Region,41536934.0,1.30269,103.84654
455,200.0,193.0,31.0,f,Entire home/apt,1.0,1.0,0.0,364.0,Downtown Core,Central Region,45167077.0,1.27901,103.84844
456,345.0,308.0,30.0,f,Entire home/apt,2.0,2.0,2.0,358.0,Novena,Central Region,25985995.0,1.31505,103.84257
457,116.0,95.0,65.0,t,Private room,1.0,2.0,164.0,137.0,Rochor,Central Region,11381088.0,1.30092,103.85049
458,135.0,135.0,99.0,t,Private room,0.0,1.0,1.0,80.0,Downtown Core,Central Region,38136195.0,1.29722,103.85346
459,269.0,137.0,33.0,f,Private room,1.0,8.0,3.0,365.0,Geylang,Central Region,41033173.0,1.31586,103.88265
460,160.0,156.0,88.0,t,Entire home/apt,0.0,1.0,0.0,346.0,Novena,Central Region,53175628.0,1.31781,103.84852
461,140.0,85.0,100.0,f,Private room,1.0,2.0,0.0,179.0,Bukit Batok,West Region,44294078.0,1.35814,103.76357
462,40.0,87.0,0.0,f,Private room,2.0,1.0,1.0,0.0,Jurong West,West Region,37141391.0,1.33835,103.70369
463,177.0,164.0,84.0,t,Private room,0.0,1.0,3.0,349.0,Downtown Core,Central Region,49863259.0,1.29553,103.85412
464,577.0,473.0,30.0,f,Entire home/apt,2.0,3.0,0.0,362.0,River Valley,Central Region,29725544.0,1.29283,103.8408
465,346.0,222.0,100.0,f,Entire home/apt,2.0,3.0,0.0,0.0,Hougang,North-East Region,46057791.0,1.37499,103.87899
466,83.0,83.0,70.0,t,Entire home/apt,1.0,1.0,60.0,62.0,Geylang,Central Region,6381495.0,1.31614,103.88686
467,159.0,151.0,100.0,f,Private room,2.0,3.0,0.0,365.0,Marine Parade,Central Region,53503028.0,1.311090651,103.9070525
468,119.0,114.0,70.0,f,Private room,1.0,1.0,72.0,358.0,Downtown Core,Central Region,747813.0,1.27663,103.84498
469,144.0,138.0,89.0,t,Entire home/apt,1.0,0.0,0.0,0.0,Outram,Central Region,42210964.0,1.28037,103.84687
470,151.0,104.0,65.0,f,Hotel room,1.0,3.0,5.0,0.0,Outram,Central Region,19847774.0,1.28359,103.84625
471,97.0,103.0,18.0,f,Private room,1.0,1.0,0.0,358.0,Downtown Core,Central Region,51253790.0,1.28031,103.8519
472,60.0,61.0,72.0,t,Private room,1.0,1.0,3.0,156.0,Kallang,Central Region,39488323.0,1.31592,103.85406
473,140.0,133.0,0.0,f,Private room,0.0,1.0,0.0,365.0,Bedok,East Region,22329702.0,1.32357,103.9133
474,54.0,70.0,65.0,f,Private room,1.0,1.0,29.0,144.0,Choa Chu Kang,West Region,2095865.0,1.38799,103.74461
475,70.0,96.0,0.0,f,Private room,1.0,0.0,0.0,362.0,Geylang,Central Region,40384948.0,1.31399,103.89803
476,55.0,69.0,100.0,f,Private room,0.0,2.0,52.0,86.0,Bedok,East Region,24863189.0,1.31511,103.92026
477,198.0,198.0,7.0,f,Entire home/apt,2.0,5.0,0.0,178.0,Geylang,Central Region,43025512.0,1.31428,103.87743
478,128.0,88.0,99.0,f,Private room,1.0,2.0,45.0,287.0,River Valley,Central Region,32837771.0,1.29686,103.83835
479,194.0,153.0,100.0,f,Entire home/apt,2.0,2.0,1.0,270.0,Bishan,Central Region,23604711.0,1.35791,103.82841
480,19.0,71.0,0.0,f,Shared room,1.0,1.0,9.0,80.0,Queenstown,Central Region,17805144.0,1.2926,103.76837
481,130.0,163.0,0.0,f,Entire home/apt,1.0,1.0,0.0,365.0,Kallang,Central Region,28038349.0,1.31512,103.86098
482,425.0,287.0,30.0,f,Entire home/apt,1.0,1.0,0.0,364.0,River Valley,Central Region,42946035.0,1.30111,103.82859
483,96.0,108.0,13.0,f,Private room,1.0,2.0,11.0,363.0,Bedok,East Region,23999593.0,1.30975,103.91132
484,96.0,85.0,99.0,f,Private room,1.0,1.0,0.0,286.0,River Valley,Central Region,49340811.0,1.29437,103.83943
485,127.0,209.0,11.0,f,Entire home/apt,1.0,2.0,3.0,361.0,Novena,Central Region,20016671.0,1.32449,103.84315
486,35.0,92.0,0.0,f,Private room,1.0,1.0,0.0,180.0,Geylang,Central Region,33102270.0,1.31499,103.90373
487,68.0,78.0,41.0,f,Private room,0.0,1.0,0.0,90.0,Rochor,Central Region,31294821.0,1.30178,103.84905
488,162.0,178.0,96.0,f,Entire home/apt,0.0,1.0,1.0,333.0,River Valley,Central Region,53717759.0,1.294686685,103.8403323
489,309.0,214.0,0.0,f,Private room,0.0,1.0,0.0,320.0,Rochor,Central Region,45773723.0,1.30603,103.8507
490,63.0,105.0,0.0,f,Shared room,1.0,1.0,0.0,0.0,Singapore River,Central Region,24787083.0,1.28726,103.84777
491,49.0,67.0,0.0,f,Private room,1.0,1.0,2.0,241.0,Clementi,West Region,18286281.0,1.29454,103.76795
492,80.0,84.0,100.0,f,Private room,1.0,1.0,10.0,347.0,Bedok,East Region,13472462.0,1.32081,103.92188
493,43.0,55.0,97.0,f,Private room,1.0,1.0,1.0,328.0,Kallang,Central Region,27125463.0,1.31128,103.86182
494,190.0,165.0,41.0,f,Entire home/apt,1.0,1.0,0.0,267.0,Bukit Merah,Central Region,52136874.0,1.29078,103.81789
495,151.0,236.0,41.0,f,Entire home/apt,1.0,1.0,0.0,364.0,Marine Parade,Central Region,51593286.0,1.30567,103.89778
496,500.0,53.0,0.0,f,Private room,1.0,1.0,0.0,365.0,Yishun,North Region,13615155.0,1.40644,103.83355
497,119.0,116.0,70.0,f,Private room,1.0,1.0,4.0,354.0,Downtown Core,Central Region,26791337.0,1.27452,103.84497
498,84.0,102.0,0.0,t,Private room,1.0,1.0,18.0,0.0,Marine Parade,Central Region,43393378.0,1.30748,103.90001
499,49.0,58.0,96.0,f,Private room,1.0,1.0,1.0,0.0,Kallang,Central Region,38910295.0,1.31068,103.86118
500,380.0,425.0,57.0,f,Entire home/apt,2.0,3.0,0.0,363.0,Novena,Central Region,43452908.0,1.3186,103.84377
501,365.0,122.0,65.0,f,Hotel room,1.0,1.0,10.0,0.0,Downtown Core,Central Region,26370803.0,1.27922,103.84879
502,305.0,282.0,30.0,f,Entire home/apt,1.0,1.0,0.0,364.0,Singapore River,Central Region,52505236.0,1.28776,103.84406
503,200.0,263.0,41.0,f,Entire home/apt,2.0,2.0,0.0,364.0,Bishan,Central Region,51548417.0,1.34837,103.8536
504,88.0,91.0,84.0,f,Entire home/apt,1.0,1.0,2.0,82.0,Geylang,Central Region,34943409.0,1.31336,103.88609
505,73.0,83.0,84.0,f,Entire home/apt,0.0,1.0,16.0,90.0,Geylang,Central Region,13132703.0,1.31377,103.88623
506,290.0,98.0,0.0,f,Shared room,1.0,2.0,0.0,0.0,Sungei Kadut,North Region,23964810.0,1.40683,103.75585
507,201.0,275.0,31.0,f,Entire home/apt,2.0,2.0,1.0,364.0,Bishan,Central Region,41940620.0,1.35297,103.85176
508,110.0,102.0,89.0,t,Entire home/apt,1.0,1.0,21.0,135.0,Marine Parade,Central Region,18484277.0,1.30587,103.89771
509,82.0,66.0,100.0,f,Private room,1.0,1.0,0.0,359.0,Kallang,Central Region,47295571.0,1.3145,103.84687
510,256.0,368.0,30.0,f,Entire home/apt,3.0,3.0,0.0,360.0,Clementi,West Region,46388294.0,1.31455,103.7583
511,165.0,254.0,41.0,f,Entire home/apt,1.0,1.0,0.0,364.0,Outram,Central Region,22760803.0,1.27575,103.84442
512,120.0,86.0,0.0,f,Private room,1.0,1.0,10.0,180.0,Sengkang,North-East Region,36570785.0,1.39158,103.89581
513,191.0,174.0,65.0,f,Entire home/apt,2.0,2.0,1.0,0.0,Bukit Merah,Central Region,32318162.0,1.28153,103.83024
514,155.0,170.0,99.0,t,Entire home/apt,1.0,1.0,2.0,59.0,Rochor,Central Region,40736423.0,1.29919,103.8537
515,251.0,218.0,2.0,f,Entire home/apt,1.0,2.0,0.0,359.0,Kallang,Central Region,21658483.0,1.31263,103.8587
516,60.0,93.0,0.0,f,Private room,1.0,1.0,0.0,0.0,Bedok,East Region,31683485.0,1.32998,103.94813
517,135.0,134.0,89.0,t,Entire home/apt,0.0,0.0,1.0,0.0,Novena,Central Region,47927520.0,1.31911,103.84695
518,69.0,95.0,91.0,t,Private room,1.0,1.0,1.0,359.0,Outram,Central Region,4863317.0,1.28511,103.84249
519,38.0,54.0,91.0,t,Private room,1.0,1.0,1.0,329.0,Geylang,Central Region,30234271.0,1.31473,103.8816
520,177.0,183.0,90.0,f,Entire home/apt,1.0,1.0,0.0,302.0,Novena,Central Region,53318261.0,1.318528,103.847511
521,250.0,346.0,31.0,f,Entire home/apt,2.0,1.0,0.0,364.0,Newton,Central Region,43503194.0,1.30311,103.83955
522,135.0,109.0,100.0,f,Private room,1.0,1.0,9.0,364.0,Sembawang,North Region,6603464.0,1.44167,103.82376
523,60.0,144.0,41.0,f,Private room,0.0,1.0,0.0,364.0,Geylang,Central Region,45109853.0,1.31591,103.88235
524,471.0,310.0,30.0,f,Entire home/apt,2.0,2.0,3.0,364.0,Bukit Merah,Central Region,31726026.0,1.29087,103.83172
525,198.0,114.0,99.0,f,Private room,1.0,1.0,120.0,363.0,Downtown Core,Central Region,42079535.0,1.29795,103.85562
526,124.0,133.0,89.0,t,Entire home/apt,1.0,1.0,2.0,187.0,Rochor,Central Region,36855972.0,1.30326,103.86108
527,292.0,338.0,30.0,f,Entire home/apt,2.0,2.0,0.0,332.0,Singapore River,Central Region,53838912.0,1.291157129,103.840678
528,209.0,87.0,100.0,t,Private room,1.0,1.0,18.0,350.0,Bukit Merah,Central Region,37999599.0,1.27427,103.84092
529,425.0,232.0,41.0,f,Entire home/apt,1.0,1.0,0.0,364.0,Kallang,Central Region,33085177.0,1.29872,103.86055
530,360.0,229.0,30.0,f,Entire home/apt,0.0,1.0,1.0,364.0,River Valley,Central Region,53317236.0,1.30179,103.82864
531,165.0,154.0,96.0,f,Hotel room,1.0,2.0,9.0,121.0,Rochor,Central Region,38916143.0,1.30342,103.85841
532,545.0,282.0,100.0,f,Entire home/apt,2.0,2.0,10.0,71.0,Rochor,Central Region,47211647.0,1.30068,103.84602
533,76.0,105.0,100.0,f,Private room,1.0,1.0,1.0,355.0,Rochor,Central Region,28998072.0,1.30065,103.85962
534,45.0,147.0,0.0,f,Entire home/apt,1.0,0.0,0.0,365.0,Geylang,Central Region,43597020.0,1.31256,103.88134
535,231.0,155.0,100.0,t,Private room,0.0,1.0,7.0,362.0,Outram,Central Region,47945986.0,1.27933,103.8434
536,38.0,56.0,65.0,f,Shared room,1.0,8.0,5.0,55.0,Rochor,Central Region,11262375.0,1.30424,103.84876
537,69.0,95.0,97.0,f,Private room,1.0,1.0,2.0,359.0,Outram,Central Region,765579.0,1.2841,103.84253
538,69.0,95.0,97.0,f,Private room,1.0,1.0,4.0,359.0,Outram,Central Region,1244654.0,1.2838,103.84265
539,61.0,66.0,59.0,t,Private room,1.0,1.0,26.0,358.0,Jurong West,West Region,42696868.0,1.34552,103.70525
540,41.0,60.0,81.0,f,Private room,1.0,1.0,1.0,359.0,Geylang,Central Region,20003123.0,1.31661,103.88305
541,120.0,102.0,41.0,f,Private room,1.0,1.0,0.0,364.0,Novena,Central Region,45149158.0,1.31324,103.84037
542,323.0,172.0,24.0,f,Entire home/apt,1.0,1.0,1.0,365.0,Kallang,Central Region,43956550.0,1.31623,103.85417
543,162.0,126.0,100.0,f,Private room,0.0,3.0,0.0,0.0,Singapore River,Central Region,46753244.0,1.28708,103.84827
544,120.0,135.0,84.0,t,Entire home/apt,1.0,1.0,11.0,365.0,Outram,Central Region,18759060.0,1.27952,103.84382
545,47.0,65.0,38.0,f,Hotel room,1.0,2.0,24.0,0.0,Kallang,Central Region,10020690.0,1.31117,103.86066
546,27.0,42.0,50.0,f,Hotel room,1.0,10.0,1.0,300.0,Outram,Central Region,20181944.0,1.283,103.84484
547,190.0,244.0,41.0,f,Entire home/apt,1.0,1.0,0.0,347.0,River Valley,Central Region,51337824.0,1.2983,103.83294
548,234.0,195.0,31.0,f,Entire home/apt,1.0,1.0,0.0,364.0,Bukit Merah,Central Region,40712481.0,1.27407,103.83426
549,49.0,60.0,91.0,t,Private room,1.0,1.0,0.0,0.0,Kallang,Central Region,34930444.0,1.31006,103.86226
550,70.0,104.0,4.0,t,Entire home/apt,0.0,1.0,12.0,336.0,Kallang,Central Region,5253599.0,1.3171,103.85742
551,89.0,88.0,97.0,f,Private room,1.0,1.0,66.0,354.0,Bukit Timah,Central Region,7733844.0,1.31621,103.78059
552,155.0,111.0,13.0,f,Private room,1.0,1.0,0.0,181.0,Rochor,Central Region,37982840.0,1.30422,103.85366
553,70.0,81.0,84.0,f,Entire home/apt,1.0,1.0,83.0,90.0,Geylang,Central Region,7662310.0,1.31507,103.88751
554,180.0,450.0,65.0,f,Entire home/apt,3.0,4.0,190.0,358.0,Geylang,Central Region,8200542.0,1.31334,103.89381
555,119.0,257.0,100.0,f,Private room,0.0,0.0,2.0,365.0,Ang Mo Kio,North-East Region,39218665.0,1.38552,103.84269
556,199.0,111.0,77.0,f,Private room,1.0,4.0,0.0,364.0,Queenstown,Central Region,41889066.0,1.2823,103.78702
557,328.0,248.0,23.0,f,Entire home/apt,2.0,1.0,23.0,25.0,Downtown Core,Central Region,26217724.0,1.28033,103.84893
558,49.0,58.0,97.0,f,Private room,1.0,1.0,3.0,0.0,Kallang,Central Region,41323209.0,1.31006,103.86192
559,155.0,191.0,31.0,f,Entire home/apt,1.0,1.0,0.0,265.0,Queenstown,Central Region,42464820.0,1.29535,103.80473
560,59.0,54.0,36.0,t,Shared room,1.0,2.0,4.0,344.0,Kallang,Central Region,9738917.0,1.31324,103.85954
561,59.0,84.0,81.0,f,Private room,1.0,1.0,2.0,329.0,Outram,Central Region,22590845.0,1.28379,103.84375
562,161.0,155.0,25.0,f,Entire home/apt,1.0,1.0,0.0,185.0,Queenstown,Central Region,53725914.0,1.303499466,103.7889113
563,106.0,142.0,65.0,t,Entire home/apt,1.0,1.0,5.0,178.0,Kallang,Central Region,4441346.0,1.29997,103.88536
564,149.0,99.0,0.0,f,Shared room,1.0,4.0,0.0,133.0,Rochor,Central Region,44713582.0,1.30671,103.85633
565,46.0,55.0,96.0,f,Private room,1.0,1.0,1.0,328.0,Kallang,Central Region,30543386.0,1.30887,103.86335
566,118.0,732.0,100.0,f,Private room,0.0,1.0,0.0,365.0,Downtown Core,Central Region,50255816.0,1.28237,103.85227
567,66.0,84.0,0.0,f,Private room,1.0,1.0,165.0,330.0,Newton,Central Region,369145.0,1.31129,103.83788
568,51.0,51.0,0.0,f,Shared room,1.0,10.0,8.0,328.0,Rochor,Central Region,34236667.0,1.3055,103.85357
569,124.0,260.0,0.0,f,Entire home/apt,2.0,5.0,0.0,359.0,Bedok,East Region,50734362.0,1.32162,103.92719
570,39.0,56.0,97.0,f,Private room,1.0,1.0,0.0,328.0,Geylang,Central Region,34909010.0,1.3147,103.88163
571,79.0,81.0,0.0,f,Shared room,1.0,1.0,26.0,328.0,Downtown Core,Central Region,9055103.0,1.28775,103.85017
572,550.0,518.0,41.0,f,Entire home/apt,2.0,3.0,1.0,364.0,Singapore River,Central Region,39406409.0,1.28772,103.844
573,688.0,278.0,64.0,f,Entire home/apt,3.0,3.0,4.0,173.0,Newton,Central Region,38889119.0,1.30495,103.83528
574,415.0,326.0,100.0,f,Entire home/apt,2.0,3.0,0.0,320.0,Rochor,Central Region,42555640.0,1.3014,103.85001
575,140.0,87.0,0.0,f,Private room,1.0,1.0,0.0,90.0,Sengkang,North-East Region,35216924.0,1.37999,103.9
576,175.0,150.0,0.0,f,Entire home/apt,1.0,1.0,8.0,84.0,Bukit Timah,Central Region,4021128.0,1.3205,103.79424
577,75.0,79.0,65.0,f,Private room,1.0,1.0,13.0,85.0,Bedok,East Region,31095224.0,1.32076,103.91427
578,49.0,58.0,91.0,t,Private room,1.0,1.0,3.0,0.0,Kallang,Central Region,38935611.0,1.3119,103.86136
579,496.0,373.0,91.0,t,Entire home/apt,2.0,3.0,10.0,141.0,Orchard,Central Region,20096441.0,1.3022,103.83398
580,110.0,81.0,0.0,f,Private room,1.0,1.0,0.0,91.0,Kallang,Central Region,31807637.0,1.31158,103.85827
581,80.0,103.0,0.0,f,Shared room,1.0,1.0,0.0,365.0,Pasir Ris,East Region,15430456.0,1.35563,103.96517
582,165.0,155.0,100.0,t,Entire home/apt,1.0,2.0,45.0,317.0,Rochor,Central Region,34526007.0,1.3111,103.85401
583,200.0,197.0,0.0,f,Entire home/apt,2.0,2.0,0.0,178.0,Newton,Central Region,36490863.0,1.30751,103.83773
584,145.0,96.0,50.0,f,Private room,1.0,7.0,15.0,116.0,Kallang,Central Region,9268680.0,1.31106,103.87212
585,738.0,255.0,100.0,f,Entire home/apt,1.0,1.0,0.0,226.0,Kallang,Central Region,39119415.0,1.29914,103.86103
586,250.0,319.0,31.0,f,Entire home/apt,2.0,2.0,3.0,363.0,Queenstown,Central Region,34052336.0,1.29191,103.80647
587,49.0,55.0,96.0,f,Private room,1.0,1.0,1.0,333.0,Kallang,Central Region,42190445.0,1.31161,103.86259
588,425.0,424.0,30.0,f,Entire home/apt,3.0,4.0,0.0,364.0,Clementi,West Region,40856084.0,1.30262,103.76654
589,90.0,120.0,50.0,f,Private room,3.0,2.0,0.0,329.0,Rochor,Central Region,24787313.0,1.30957,103.85143
590,176.0,199.0,31.0,f,Entire home/apt,1.0,2.0,0.0,364.0,Geylang,Central Region,43795151.0,1.32005,103.88083
591,50.0,79.0,100.0,f,Shared room,1.0,1.0,0.0,328.0,Rochor,Central Region,46754912.0,1.3077,103.85037
592,111.0,150.0,91.0,f,Hotel room,1.0,1.0,36.0,115.0,Outram,Central Region,34071837.0,1.28152,103.84492
593,165.0,97.0,91.0,f,Private room,1.0,1.0,0.0,359.0,Outram,Central Region,48743492.0,1.28207,103.84271
594,228.0,193.0,7.0,f,Entire home/apt,2.0,2.0,0.0,181.0,Novena,Central Region,40907051.0,1.32146,103.85283
595,48.0,87.0,100.0,f,Shared room,1.0,3.0,50.0,0.0,Yishun,North Region,27513348.0,1.41707,103.84219
596,122.0,129.0,89.0,t,Entire home/apt,0.0,1.0,1.0,136.0,Downtown Core,Central Region,30354713.0,1.27485,103.84718
597,49.0,55.0,91.0,t,Private room,1.0,1.0,2.0,333.0,Kallang,Central Region,39488084.0,1.30973,103.86054
598,128.0,184.0,0.0,t,Entire home/apt,1.0,6.0,9.0,44.0,Bedok,East Region,4586160.0,1.31395,103.93474
599,185.0,205.0,30.0,f,Entire home/apt,2.0,2.0,0.0,261.0,Bukit Timah,Central Region,42677059.0,1.32149,103.81035
600,78.0,134.0,100.0,f,Private room,0.0,1.0,1.0,87.0,Hougang,North-East Region,32351804.0,1.37461,103.9027
601,64.0,65.0,65.0,f,Private room,1.0,1.0,210.0,0.0,Geylang,Central Region,4360902.0,1.31161,103.88124
602,260.0,237.0,30.0,f,Entire home/apt,1.0,1.0,0.0,364.0,Marine Parade,Central Region,53884012.0,1.300166103,103.8860043
603,175.0,195.0,31.0,f,Entire home/apt,1.0,1.0,0.0,364.0,Bukit Merah,Central Region,35477254.0,1.28549,103.83389
604,88.0,108.0,80.0,t,Private room,1.0,0.0,1.0,326.0,Downtown Core,Central Region,48098802.0,1.28172,103.85342
605,152.0,106.0,0.0,f,Private room,1.0,1.0,0.0,90.0,Novena,Central Region,16225193.0,1.31246,103.8406
606,1123.0,203.0,6.0,f,Entire home/apt,1.0,1.0,0.0,364.0,Kallang,Central Region,29545454.0,1.31305,103.85361
607,148.0,84.0,40.0,t,Private room,1.0,1.0,6.0,360.0,Bukit Timah,Central Region,26849028.0,1.3128,103.79646
608,138.0,135.0,89.0,t,Entire home/apt,1.0,1.0,2.0,126.0,Downtown Core,Central Region,32194580.0,1.2734,103.8442
609,100.0,79.0,0.0,f,Private room,1.0,1.0,0.0,0.0,Jurong West,West Region,13540021.0,1.33906,103.70071
610,290.0,146.0,50.0,f,Entire home/apt,1.0,5.0,41.0,179.0,Geylang,Central Region,32320934.0,1.31026,103.8822
611,290.0,204.0,100.0,t,Entire home/apt,1.0,1.0,15.0,94.0,Tanglin,Central Region,34727793.0,1.316709392,103.8261482
612,96.0,127.0,89.0,t,Entire home/apt,0.0,1.0,3.0,334.0,Kallang,Central Region,36855460.0,1.30286,103.86332
613,455.0,412.0,31.0,f,Entire home/apt,4.0,4.0,0.0,364.0,Clementi,West Region,40605925.0,1.31094,103.76303
614,189.0,180.0,89.0,t,Entire home/apt,2.0,2.0,2.0,79.0,Downtown Core,Central Region,30165301.0,1.27492,103.84396
615,210.0,513.0,41.0,f,Entire home/apt,2.0,3.0,0.0,364.0,Orchard,Central Region,43709414.0,1.30011,103.83613
616,443.0,205.0,65.0,f,Hotel room,1.0,1.0,2.0,359.0,Outram,Central Region,29525240.0,1.28412,103.84396
617,340.0,57.0,65.0,f,Shared room,1.0,4.0,1.0,0.0,Geylang,Central Region,28405561.0,1.31601,103.8877
618,49.0,55.0,96.0,f,Private room,1.0,1.0,1.0,328.0,Kallang,Central Region,41304318.0,1.31141,103.85998
619,290.0,191.0,41.0,f,Entire home/apt,1.0,1.0,0.0,350.0,Bukit Merah,Central Region,33622349.0,1.28983,103.8323
620,155.0,195.0,41.0,f,Entire home/apt,1.0,1.0,0.0,364.0,Bukit Merah,Central Region,42463836.0,1.28617,103.83354
621,115.0,624.0,0.0,f,Entire home/apt,2.0,2.0,0.0,0.0,Tampines,East Region,25310826.0,1.34896,103.92735
622,401.0,356.0,100.0,f,Entire home/apt,3.0,4.0,0.0,0.0,Hougang,North-East Region,46108799.0,1.37475,103.88005
623,55.0,113.0,0.0,f,Private room,1.0,1.0,0.0,358.0,Bedok,East Region,44560557.0,1.31293,103.91928
624,51.0,82.0,0.0,f,Shared room,1.0,1.0,23.0,328.0,Downtown Core,Central Region,9054629.0,1.28535,103.85062
625,150.0,93.0,84.0,t,Private room,1.0,1.0,1.0,270.0,Bedok,East Region,43359087.0,1.32339,103.91321
626,200.0,257.0,31.0,f,Entire home/apt,2.0,2.0,0.0,364.0,Bukit Merah,Central Region,43684578.0,1.27341,103.80812
627,368.0,167.0,0.0,f,Entire home/apt,2.0,2.0,1.0,88.0,Geylang,Central Region,29224499.0,1.31495,103.88898
628,94.0,129.0,89.0,t,Entire home/apt,1.0,1.0,1.0,0.0,Kallang,Central Region,37789401.0,1.31227,103.85819
629,60.0,88.0,22.0,f,Private room,1.0,1.0,10.0,256.0,Novena,Central Region,9828451.0,1.31656,103.83964
630,140.0,168.0,0.0,f,Entire home/apt,1.0,1.0,0.0,365.0,Orchard,Central Region,26286378.0,1.3004,103.83795
631,92.0,94.0,100.0,f,Private room,1.0,1.0,0.0,0.0,Bedok,East Region,17716164.0,1.32141,103.92161
632,155.0,171.0,99.0,t,Entire home/apt,1.0,1.0,9.0,2.0,Rochor,Central Region,21015977.0,1.29806,103.85257
633,49.0,143.0,96.0,f,Hotel room,1.0,1.0,16.0,138.0,Singapore River,Central Region,35082329.0,1.28897,103.848
634,69.0,95.0,97.0,f,Private room,1.0,1.0,1.0,359.0,Outram,Central Region,37945388.0,1.2842,103.84255
635,620.0,470.0,30.0,f,Entire home/apt,3.0,4.0,1.0,354.0,Newton,Central Region,36252767.0,1.31034,103.83846
636,75.0,79.0,65.0,f,Private room,1.0,1.0,19.0,85.0,Bedok,East Region,23438702.0,1.32098,103.91452
637,80.0,130.0,25.0,f,Entire home/apt,0.0,1.0,0.0,228.0,Marine Parade,Central Region,51738553.0,1.30291,103.89544
638,145.0,97.0,13.0,f,Private room,1.0,1.0,8.0,359.0,Museum,Central Region,24763675.0,1.29615,103.8513
639,69.0,95.0,97.0,f,Private room,1.0,1.0,1.0,357.0,Outram,Central Region,24635669.0,1.28347,103.84166
640,90.0,70.0,0.0,f,Private room,1.0,1.0,0.0,0.0,Woodlands,North Region,25468316.0,1.44458,103.79321
641,368.0,273.0,100.0,f,Entire home/apt,1.0,2.0,0.0,359.0,Novena,Central Region,46266507.0,1.32017,103.85177
642,460.0,222.0,100.0,f,Entire home/apt,2.0,3.0,0.0,0.0,Hougang,North-East Region,46057282.0,1.37691,103.8791
643,99.0,95.0,0.0,t,Private room,1.0,3.0,209.0,116.0,Novena,Central Region,5494971.0,1.31778,103.84769
644,280.0,102.0,65.0,f,Private room,1.0,1.0,3.0,179.0,Outram,Central Region,6890874.0,1.28389,103.84025
645,26.0,58.0,33.0,f,Shared room,1.0,16.0,39.0,328.0,Rochor,Central Region,12211392.0,1.31082,103.85366
646,300.0,127.0,50.0,f,Private room,1.0,16.0,7.0,116.0,Kallang,Central Region,9269981.0,1.31017,103.87419
647,74.0,83.0,84.0,f,Entire home/apt,1.0,1.0,14.0,69.0,Geylang,Central Region,24056026.0,1.31365,103.88611
648,110.0,195.0,0.0,f,Entire home/apt,0.0,2.0,0.0,358.0,Bedok,East Region,11007108.0,1.31222,103.91403
649,240.0,187.0,41.0,f,Entire home/apt,1.0,1.0,0.0,364.0,Bukit Timah,Central Region,44090296.0,1.33278,103.78869
650,37.0,78.0,0.0,f,Private room,1.0,0.0,0.0,0.0,Bukit Panjang,West Region,46111040.0,1.34882,103.77249
651,329.0,140.0,0.0,f,Private room,1.0,2.0,0.0,10.0,Downtown Core,Central Region,53819947.0,1.300809593,103.8570594
652,320.0,78.0,0.0,f,Private room,0.0,2.0,0.0,0.0,Bukit Merah,Central Region,24044750.0,1.26625,103.8196
653,163.0,74.0,9.0,f,Private room,1.0,0.0,2.0,88.0,Kallang,Central Region,41019742.0,1.3118,103.85934
654,500.0,102.0,0.0,f,Private room,1.0,1.0,0.0,365.0,Outram,Central Region,43705606.0,1.28231,103.8462
655,168.0,106.0,96.0,f,Private room,1.0,1.0,0.0,359.0,Rochor,Central Region,51005798.0,1.304,103.85238
656,170.0,255.0,30.0,f,Entire home/apt,1.0,1.0,0.0,364.0,Outram,Central Region,43121186.0,1.27585,103.84388
657,56.0,77.0,65.0,f,Private room,1.0,1.0,30.0,270.0,Bedok,East Region,31886652.0,1.31082,103.92463
658,180.0,100.0,60.0,f,Private room,1.0,1.0,1.0,365.0,Tanglin,Central Region,34243743.0,1.2951,103.82826
659,49.0,114.0,0.0,f,Private room,1.0,1.0,0.0,91.0,Marine Parade,Central Region,46516871.0,1.30638,103.90674
660,90.0,89.0,91.0,t,Private room,1.0,2.0,28.0,37.0,Serangoon,North-East Region,16966634.0,1.38565,103.87355
661,25.0,67.0,65.0,f,Private room,1.0,1.0,1.0,180.0,Jurong West,West Region,15965563.0,1.34679,103.69814
662,99.0,88.0,0.0,f,Private room,1.0,1.0,0.0,362.0,Hougang,North-East Region,19258336.0,1.37601,103.90101
663,60.0,76.0,36.0,t,Private room,1.0,1.0,4.0,336.0,Bukit Timah,Central Region,14435012.0,1.31284,103.79736
664,59.0,57.0,96.0,f,Private room,1.0,1.0,0.0,328.0,Kallang,Central Region,37367374.0,1.30899,103.86128
665,400.0,454.0,100.0,t,Entire home/apt,3.0,4.0,45.0,115.0,Tanglin,Central Region,1210268.0,1.31633,103.827194
666,180.0,195.0,30.0,f,Entire home/apt,1.0,1.0,0.0,364.0,Bukit Merah,Central Region,51512763.0,1.28916,103.83037
667,575.0,513.0,41.0,f,Entire home/apt,2.0,3.0,0.0,364.0,Orchard,Central Region,36013750.0,1.3022,103.83329
668,255.0,174.0,90.0,f,Entire home/apt,1.0,1.0,46.0,55.0,Outram,Central Region,24704585.0,1.28335,103.845
669,109.0,170.0,99.0,f,Entire home/apt,1.0,1.0,6.0,312.0,River Valley,Central Region,43404091.0,1.29477,103.83955
670,435.0,499.0,41.0,f,Entire home/apt,3.0,3.0,1.0,364.0,Queenstown,Central Region,20631082.0,1.30592,103.77984
671,83.0,85.0,70.0,t,Entire home/apt,1.0,1.0,31.0,86.0,Geylang,Central Region,6142390.0,1.31355,103.88715
672,349.0,249.0,91.0,t,Entire home/apt,2.0,2.0,46.0,154.0,Kallang,Central Region,33110734.0,1.32229,103.86607
673,302.0,278.0,30.0,f,Entire home/apt,1.0,1.0,0.0,364.0,Queenstown,Central Region,51515637.0,1.28048,103.78296
674,91.0,90.0,96.0,f,Private room,1.0,2.0,0.0,241.0,Outram,Central Region,51207880.0,1.28167,103.84339
675,224.0,380.0,0.0,f,Entire home/apt,2.0,2.0,3.0,228.0,Rochor,Central Region,5339318.0,1.30358,103.84575
676,70.0,115.0,0.0,f,Private room,1.0,1.0,0.0,0.0,Outram,Central Region,18479131.0,1.27554,103.84119
677,510.0,585.0,30.0,f,Entire home/apt,3.0,4.0,0.0,364.0,Orchard,Central Region,39406586.0,1.30818,103.83461
678,260.0,212.0,41.0,f,Entire home/apt,0.0,1.0,0.0,364.0,Marine Parade,Central Region,48191140.0,1.30056,103.88594
679,90.0,100.0,13.0,f,Private room,1.0,1.0,2.0,360.0,Novena,Central Region,37984524.0,1.32585,103.85087
680,600.0,277.0,41.0,f,Entire home/apt,1.0,1.0,0.0,364.0,Orchard,Central Region,53855956.0,1.300435508,103.8400917
681,290.0,285.0,41.0,f,Entire home/apt,1.0,1.0,0.0,364.0,River Valley,Central Region,35693228.0,1.29828,103.83866
682,147.0,210.0,24.0,f,Entire home/apt,1.0,2.0,5.0,360.0,Novena,Central Region,44080236.0,1.32251,103.85198
683,85.0,90.0,50.0,f,Private room,1.0,4.0,0.0,116.0,Kallang,Central Region,41159508.0,1.31042,103.87204
684,195.0,112.0,100.0,f,Private room,1.0,1.0,0.0,361.0,Bukit Merah,Central Region,53836629.0,1.285217503,103.833169
685,20.0,70.0,0.0,f,Private room,1.0,1.0,0.0,0.0,Woodlands,North Region,28616375.0,1.44115,103.77586
686,195.0,250.0,31.0,f,Entire home/apt,2.0,2.0,0.0,364.0,Kallang,Central Region,48192343.0,1.31219,103.85944
687,70.0,81.0,84.0,f,Entire home/apt,1.0,1.0,147.0,59.0,Geylang,Central Region,6099703.0,1.31471,103.88627
688,195.0,135.0,99.0,f,Private room,0.0,1.0,4.0,362.0,Kallang,Central Region,46424078.0,1.3134,103.86153
689,695.0,585.0,30.0,f,Entire home/apt,3.0,4.0,0.0,364.0,Singapore River,Central Region,43006410.0,1.29127,103.8458
690,55.0,84.0,97.0,f,Private room,1.0,1.0,3.0,330.0,Outram,Central Region,1261443.0,1.28458,103.84311
691,480.0,318.0,30.0,f,Entire home/apt,2.0,2.0,0.0,364.0,Newton,Central Region,53020768.0,1.30208,103.83939
692,950.0,115.0,0.0,f,Private room,1.0,1.0,0.0,0.0,Outram,Central Region,4013186.0,1.27795,103.84109
693,59.0,54.0,81.0,f,Private room,1.0,1.0,1.0,329.0,Geylang,Central Region,17123186.0,1.31522,103.882
694,68.0,98.0,100.0,f,Private room,2.0,2.0,59.0,270.0,Pasir Ris,East Region,13703898.0,1.37173,103.94855
695,49.0,58.0,97.0,f,Private room,1.0,1.0,4.0,0.0,Kallang,Central Region,39638066.0,1.30968,103.86086
696,81.0,98.0,36.0,t,Private room,1.0,1.0,0.0,364.0,Bukit Timah,Central Region,23318905.0,1.31084,103.79765
697,22.0,33.0,13.0,f,Hotel room,1.0,10.0,22.0,316.0,Kallang,Central Region,28794509.0,1.31154,103.87348
698,150.0,96.0,0.0,f,Private room,1.0,4.0,0.0,1.0,Kallang,Central Region,3179271.0,1.31029,103.86048
699,156.0,168.0,96.0,f,Private room,0.0,2.0,0.0,355.0,Downtown Core,Central Region,46384679.0,1.29749,103.85674
700,65.0,70.0,100.0,f,Shared room,1.0,4.0,44.0,261.0,Singapore River,Central Region,10001615.0,1.28819,103.84821
701,203.0,101.0,100.0,f,Private room,1.0,1.0,1.0,356.0,Serangoon,North-East Region,38305984.0,1.34595,103.87039
702,464.0,377.0,0.0,f,Entire home/apt,3.0,3.0,0.0,363.0,Novena,Central Region,53316636.0,1.31716,103.84506
703,100.0,102.0,41.0,f,Private room,1.0,1.0,0.0,364.0,Novena,Central Region,44580290.0,1.32722,103.84464
704,357.0,151.0,50.0,f,Entire home/apt,1.0,5.0,8.0,177.0,Geylang,Central Region,32245578.0,1.3104,103.88167
705,65.0,92.0,0.0,f,Private room,1.0,1.0,0.0,174.0,Geylang,Central Region,355955.0,1.31374,103.9019
706,72.0,83.0,84.0,f,Entire home/apt,1.0,1.0,16.0,90.0,Geylang,Central Region,35008965.0,1.31371,103.88629
707,157.0,248.0,100.0,f,Entire home/apt,2.0,3.0,148.0,263.0,Punggol,North-East Region,14245740.0,1.39178,103.91181
708,299.0,141.0,0.0,f,Entire home/apt,0.0,1.0,0.0,84.0,Clementi,West Region,40224580.0,1.31405,103.75954
709,610.0,556.0,41.0,f,Entire home/apt,3.0,4.0,1.0,364.0,River Valley,Central Region,36156663.0,1.29912,103.84106
710,450.0,474.0,80.0,f,Entire home/apt,3.0,3.0,0.0,363.0,Queenstown,Central Region,43490885.0,1.29716,103.80483
711,70.0,113.0,0.0,f,Private room,1.0,0.0,0.0,358.0,Bukit Merah,Central Region,43201822.0,1.27311,103.83601
712,89.0,106.0,67.0,f,Private room,1.0,1.0,1.0,365.0,Sembawang,North Region,20774607.0,1.4406,103.82203
713,28.0,31.0,100.0,f,Hotel room,1.0,13.0,17.0,300.0,Outram,Central Region,13274598.0,1.28379,103.84399
714,310.0,116.0,0.0,f,Shared room,1.0,2.0,0.0,0.0,Bukit Merah,Central Region,24044899.0,1.27121,103.84257
715,89.0,85.0,65.0,f,Shared room,1.0,1.0,3.0,55.0,Rochor,Central Region,8196359.0,1.30394,103.85108
716,2500.0,280.0,98.0,f,Entire home/apt,3.0,4.0,55.0,90.0,Bukit Merah,Central Region,20247516.0,1.2652,103.819
717,145.0,134.0,89.0,t,Entire home/apt,0.0,0.0,0.0,0.0,Novena,Central Region,47927646.0,1.31781,103.84861
718,100.0,101.0,9.0,f,Private room,0.0,1.0,0.0,67.0,Rochor,Central Region,51715174.0,1.30203,103.86176
719,265.0,211.0,41.0,f,Entire home/apt,1.0,1.0,0.0,326.0,River Valley,Central Region,52977792.0,1.29334,103.8396
720,24.0,31.0,38.0,f,Shared room,1.0,16.0,67.0,0.0,Kallang,Central Region,10030323.0,1.31114,103.86054
721,766.0,386.0,100.0,t,Entire home/apt,3.0,4.0,11.0,0.0,Outram,Central Region,19953933.0,1.28707,103.84243
722,40.0,91.0,0.0,f,Private room,1.0,1.0,0.0,30.0,Toa Payoh,Central Region,23613551.0,1.3387,103.85155
723,164.0,187.0,96.0,f,Hotel room,0.0,1.0,3.0,318.0,Singapore River,Central Region,23329869.0,1.28798,103.84902
724,35.0,95.0,40.0,f,Private room,1.0,1.0,7.0,0.0,Sengkang,North-East Region,41570615.0,1.38784,103.89001
725,33.0,68.0,50.0,f,Shared room,1.0,1.0,0.0,175.0,Kallang,Central Region,33029085.0,1.31397,103.86151
726,355.0,187.0,41.0,f,Entire home/apt,0.0,1.0,0.0,364.0,Downtown Core,Central Region,53103357.0,1.27743,103.84837
727,786.0,223.0,20.0,f,Entire home/apt,1.0,3.0,0.0,362.0,Orchard,Central Region,11220676.0,1.30081,103.83598
728,368.0,406.0,60.0,f,Entire home/apt,2.0,3.0,0.0,360.0,Novena,Central Region,43745260.0,1.31733,103.84377
729,227.0,181.0,30.0,f,Entire home/apt,1.0,0.0,0.0,364.0,Bukit Merah,Central Region,40313848.0,1.27228,103.83394
730,83.0,95.0,84.0,f,Entire home/apt,0.0,1.0,3.0,45.0,Outram,Central Region,46446227.0,1.28349,103.84562
731,220.0,183.0,31.0,f,Entire home/apt,1.0,2.0,0.0,35.0,Downtown Core,Central Region,38364769.0,1.29672,103.85431
732,144.0,131.0,89.0,t,Entire home/apt,1.0,1.0,7.0,0.0,Downtown Core,Central Region,23506068.0,1.27633,103.84515
733,140.0,232.0,31.0,f,Entire home/apt,1.0,1.0,0.0,358.0,Outram,Central Region,35185826.0,1.28318,103.84475
